product_id,product_name,brand,category,price_usd,ingredients_raw,ingredients_normalized,source,skin_types,skin_concerns,rating,review_count,description,text_representation
prod_000000,The Ordinary Natural Moisturising Factors + HA 30ml,The Ordinary,moisturizer,6.6,"['capric triglyceride', 'cetyl alcohol', 'propanediol', 'stearyl alcohol', 'glycerin', 'sodium hyaluronate', 'arganine', 'aspartic acid', 'glycine', 'alanine', 'serine', 'valine', 'isoleucine', 'proline', 'threonine', 'histidine', 'phenylalanine', 'glucose', 'maltose', 'fructose', 'trehalose', 'sodium pca', 'pca', 'sodium lactate', 'urea', 'allantoin', 'linoleic acid', 'oleic acid', 'phytosteryl canola glycerides', 'palmitic acid', 'stearic acid', 'lecithin', 'triolein', 'tocopherol', 'carbomer', 'isoceteth-20', 'polysorbate 60', 'sodium chloride', 'citric acid', 'trisodium ethylenediamine disuccinate', 'pentylene glycol', 'triethanolamine', 'sodium hydroxide', 'phenoxyethanol', 'chlorphenesin']","['capric triglyceride', 'cetyl alcohol', 'propanediol', 'stearyl alcohol', 'glycerin', 'hyaluronic acid', 'arganine', 'aspartic acid', 'glycine', 'alanine', 'serine', 'valine', 'isoleucine', 'proline', 'threonine', 'histidine', 'phenylalanine', 'glucose', 'maltose', 'fructose', 'trehalose', 'sodium pca', 'pca', 'sodium lactate', 'urea', 'allantoin', 'linoleic acid', 'oleic acid', 'phytosteryl canola glycerides', 'palmitic acid', 'stearic acid', 'lecithin', 'triolein', 'vitamin e', 'carbomer', 'isoceteth', 'polysorbate', 'sodium chloride', 'citric acid', 'trisodium ethylenediamine disuccinate', 'pentylene glycol', 'triethanolamine', 'sodium hydroxide', 'phenoxyethanol', 'chlorphenesin']",kaggle,"['sensitive', 'all', 'combination', 'dry']","['sensitivity', 'hydration']",4.4,264,"This moisturizer contains capric triglyceride, cetyl alcohol, propanediol, stearyl alcohol, glycerin, hyaluronic acid, arganine, aspartic acid, glycine, alanine","the ordinary natural moisturising factors + ha 30ml moisturizer the ordinary sensitive all combination dry sensitivity hydration capric triglyceride cetyl alcohol propanediol stearyl alcohol glycerin hyaluronic acid arganine aspartic acid glycine alanine serine valine isoleucine proline threonine histidine phenylalanine glucose maltose fructose trehalose sodium pca pca sodium lactate urea allantoin linoleic acid oleic acid phytosteryl canola glycerides palmitic acid stearic acid lecithin triolein vitamin e carbomer isoceteth polysorbate sodium chloride citric acid trisodium ethylenediamine disuccinate pentylene glycol triethanolamine sodium hydroxide phenoxyethanol chlorphenesin this moisturizer contains capric triglyceride, cetyl alcohol, propanediol, stearyl alcohol, glycerin, hyaluronic acid, arganine, aspartic acid, glycine, alanine"
prod_000001,CeraVe Facial Moisturising Lotion SPF 25 52ml,Cerave,moisturizer,16.51,"['homosalate', 'glycerin', 'octocrylene', 'ethylhexyl', 'salicylate', 'niacinamide', 'silica', 'butyl methoxydibenzoylmethane', 'dimethicon', 'cetearyl alcohol', 'peg-100 stearate', 'glyceryl stearate', 'phenoxyethanol', 'stearic acid', 'behentrimonium methosulfate', 'caprylyl glycol', 'palmitic acid', 'ammonium polyacryloyldmethyl taurate', 'xanthan gum', 'disodium edta', 'tocopherol', 'sodium lauroyl', 'myristic acid', 'sodium hyaluronate', 'ceramide np', 'ceramide ap', 'phytosphingosine', 'cholesterol', 'cerbomer', 'ethylhexyl glycerin', 'ceramide eop']","['homosalate', 'glycerin', 'octocrylene', 'ethylhexyl', 'salicylate', 'niacinamide', 'silica', 'butyl methoxydibenzoylmethane', 'dimethicon', 'cetearyl alcohol', 'peg-100 stearate', 'glyceryl stearate', 'phenoxyethanol', 'stearic acid', 'behentrimonium methosulfate', 'caprylyl glycol', 'palmitic acid', 'ammonium polyacryloyldmethyl taurate', 'xanthan gum', 'disodium edta', 'vitamin e', 'sodium lauroyl', 'myristic acid', 'hyaluronic acid', 'ceramide', 'cholesterol', 'cerbomer', 'ethylhexyl glycerin']",kaggle,"['all', 'combination', 'oily', 'dry', 'sensitive']","['pigmentation', 'hydration', 'sun_protection', 'sensitivity', 'aging', 'acne']",4.5,3489,"This moisturizer contains homosalate, glycerin, octocrylene, ethylhexyl, salicylate, niacinamide, silica, butyl methoxydibenzoylmethane, dimethicon, cetearyl alcohol","cerave facial moisturising lotion spf 25 52ml moisturizer cerave all combination oily dry sensitive pigmentation hydration sun_protection sensitivity aging acne homosalate glycerin octocrylene ethylhexyl salicylate niacinamide silica butyl methoxydibenzoylmethane dimethicon cetearyl alcohol peg-100 stearate glyceryl stearate phenoxyethanol stearic acid behentrimonium methosulfate caprylyl glycol palmitic acid ammonium polyacryloyldmethyl taurate xanthan gum disodium edta vitamin e sodium lauroyl myristic acid hyaluronic acid ceramide cholesterol cerbomer ethylhexyl glycerin this moisturizer contains homosalate, glycerin, octocrylene, ethylhexyl, salicylate, niacinamide, silica, butyl methoxydibenzoylmethane, dimethicon, cetearyl alcohol"
prod_000002,The Ordinary Hyaluronic Acid 2% + B5 Hydration Support Formula 30ml,The Ordinary,moisturizer,7.87,"['sodium hyaluronate', 'sodium hyaluronate', 'panthenol', 'ahnfeltia concinna extract', 'glycerin', 'pentylene glycol', 'propanediol', 'polyacrylate crosspolymer-6', 'ppg-26 buteth-26', 'castor oil', 'trisodium ethylenediamine disuccinate', 'citric acid', 'ethoxydiglycol', 'caprylyl glycol', 'hexylene glycol', 'ethylhexyl glycerin', 'phenoxyethanol', 'chlorphenesin']","['hyaluronic acid', 'panthenol', 'ahnfeltia concinna extract', 'glycerin', 'pentylene glycol', 'propanediol', 'polyacrylate crosspolymer', 'ppg-26 buteth', 'castor oil', 'trisodium ethylenediamine disuccinate', 'citric acid', 'ethoxydiglycol', 'caprylyl glycol', 'hexylene glycol', 'ethylhexyl glycerin', 'phenoxyethanol', 'chlorphenesin']",kaggle,"['sensitive', 'all', 'combination', 'dry']","['sensitivity', 'hydration']",4.3,791,"This moisturizer contains hyaluronic acid, panthenol, ahnfeltia concinna extract, glycerin, pentylene glycol, propanediol, polyacrylate crosspolymer, ppg-26 buteth, castor oil, trisodium ethylenediamine disuccinate","the ordinary hyaluronic acid 2% + b5 hydration support formula 30ml moisturizer the ordinary sensitive all combination dry sensitivity hydration hyaluronic acid panthenol ahnfeltia concinna extract glycerin pentylene glycol propanediol polyacrylate crosspolymer ppg-26 buteth castor oil trisodium ethylenediamine disuccinate citric acid ethoxydiglycol caprylyl glycol hexylene glycol ethylhexyl glycerin phenoxyethanol chlorphenesin this moisturizer contains hyaluronic acid, panthenol, ahnfeltia concinna extract, glycerin, pentylene glycol, propanediol, polyacrylate crosspolymer, ppg-26 buteth, castor oil, trisodium ethylenediamine disuccinate"
prod_000003,AMELIORATE Transforming Body Lotion 200ml,Ameliorate,moisturizer,28.57,"['ammonium lactate', 'c12-15', 'glycerin', 'prunus amygdalus dulcis', 'ethylhexyl palmitate', 'cetearyl alcohol', 'glyceryl stearate', 'peg-100 stearate', 'dimethicon', 'hydroxyethyl cellulose', 'phenoxyethanol', 'cetearyl glucoside', 'xanthan gum', 'sodium benzoate', 'sodium stearoyl glutamate', 'tocopheryl acetate', 'parfum', 'potassium sorbate', 'pentylene glycol', 'hydrolyzed lactis proteinum', 'disodium edta', 'lactic acid', 'serine', 'sodium lactate', 'sorbitol', 'urea', 'linalool', 'citronellol', 'sodium chloride', 'citrus aurantium dulcis', 'limonene', 'coumarin', 'juniperus mexicana oil', 'alpha-isomethyl ionone', 'allantoin', 'pelargonium graveolens extract', 'geraniol']","['ammonium lactate', 'c', 'glycerin', 'prunus amygdalus dulcis', 'ethylhexyl palmitate', 'cetearyl alcohol', 'glyceryl stearate', 'peg-100 stearate', 'dimethicon', 'hydroxyethyl cellulose', 'phenoxyethanol', 'cetearyl glucoside', 'xanthan gum', 'sodium benzoate', 'sodium stearoyl glutamate', 'vitamin e', 'fragrance', 'potassium sorbate', 'pentylene glycol', 'hydrolyzed lactis proteinum', 'disodium edta', 'lactic acid', 'serine', 'sodium lactate', 'sorbitol', 'urea', 'linalool', 'citronellol', 'sodium chloride', 'citrus aurantium dulcis', 'limonene', 'coumarin', 'juniperus mexicana oil', 'alpha-isomethyl ionone', 'allantoin', 'pelargonium graveolens extract', 'geraniol']",kaggle,"['all', 'combination', 'oily', 'dry', 'sensitive']","['pigmentation', 'texture', 'hydration', 'sensitivity']",4.4,264,"This moisturizer contains ammonium lactate, c, glycerin, prunus amygdalus dulcis, ethylhexyl palmitate, cetearyl alcohol, glyceryl stearate, peg-100 stearate, dimethicon, hydroxyethyl cellulose","ameliorate transforming body lotion 200ml moisturizer ameliorate all combination oily dry sensitive pigmentation texture hydration sensitivity ammonium lactate c glycerin prunus amygdalus dulcis ethylhexyl palmitate cetearyl alcohol glyceryl stearate peg-100 stearate dimethicon hydroxyethyl cellulose phenoxyethanol cetearyl glucoside xanthan gum sodium benzoate sodium stearoyl glutamate vitamin e fragrance potassium sorbate pentylene glycol hydrolyzed lactis proteinum disodium edta lactic acid serine sodium lactate sorbitol urea linalool citronellol sodium chloride citrus aurantium dulcis limonene coumarin juniperus mexicana oil alpha-isomethyl ionone allantoin pelargonium graveolens extract geraniol this moisturizer contains ammonium lactate, c, glycerin, prunus amygdalus dulcis, ethylhexyl palmitate, cetearyl alcohol, glyceryl stearate, peg-100 stearate, dimethicon, hydroxyethyl cellulose"
prod_000004,CeraVe Moisturising Cream 454g,Cerave,moisturizer,20.32,"['glycerin', 'cetearyl alcohol', 'capric triglyceride', 'behentrimonium methosulfate', 'cetearyl alcohol', 'cetyl alcohol', 'ceramide 3', 'ceramide 6 ii', 'ceramide 1', 'sodium hyaluronate', 'cholesterol', 'petrolatum', 'dimethicon', 'potassium phosphate', 'dipotassium phosphate', 'sodium lauroyl', 'disodium edta', 'phenoxyethanol', 'methylparaben', 'propylparaben', 'phytosphingosine', 'carbomer', 'xanthan gum']","['glycerin', 'cetearyl alcohol', 'capric triglyceride', 'behentrimonium methosulfate', 'cetyl alcohol', 'ceramide', 'ceramide 6 ii', 'hyaluronic acid', 'cholesterol', 'mineral oil', 'dimethicon', 'potassium phosphate', 'dipotassium phosphate', 'sodium lauroyl', 'disodium edta', 'phenoxyethanol', 'paraben', 'carbomer', 'xanthan gum']",kaggle,"['sensitive', 'all', 'combination', 'dry']","['sensitivity', 'texture', 'hydration']",4.5,3489,"This moisturizer contains glycerin, cetearyl alcohol, capric triglyceride, behentrimonium methosulfate, cetyl alcohol, ceramide, ceramide 6 ii, hyaluronic acid, cholesterol, mineral oil","cerave moisturising cream 454g moisturizer cerave sensitive all combination dry sensitivity texture hydration glycerin cetearyl alcohol capric triglyceride behentrimonium methosulfate cetyl alcohol ceramide ceramide 6 ii hyaluronic acid cholesterol mineral oil dimethicon potassium phosphate dipotassium phosphate sodium lauroyl disodium edta phenoxyethanol paraben carbomer xanthan gum this moisturizer contains glycerin, cetearyl alcohol, capric triglyceride, behentrimonium methosulfate, cetyl alcohol, ceramide, ceramide 6 ii, hyaluronic acid, cholesterol, mineral oil"
prod_000005,CeraVe Moisturising Lotion 473ml,Cerave,moisturizer,19.05,"['glycerin', 'capric triglyceride', 'cetearyl alcohol', 'cetyl alcohol', 'dimethicon', 'phenoxyethanol', 'polysorbate-20', 'ceteareth 20', 'behentrimonium methosulfate', 'polyglyceryl-3 diisostearate', 'sodium lauroyl', 'ethylhexyl glycerin', 'potassium phosphate', 'disodium edta', 'dipotassium phosphate', 'ceramide np', 'ceramide ap', 'phytosphingosine', 'cholesterol', 'xanthan gum', 'carbomer', 'sodium hyaluronate', 'tocopherol', 'ceramide eop']","['glycerin', 'capric triglyceride', 'cetearyl alcohol', 'cetyl alcohol', 'dimethicon', 'phenoxyethanol', 'polysorbate', 'ceteareth', 'behentrimonium methosulfate', 'polyglyceryl-3 diisostearate', 'sodium lauroyl', 'ethylhexyl glycerin', 'potassium phosphate', 'disodium edta', 'dipotassium phosphate', 'ceramide', 'cholesterol', 'xanthan gum', 'carbomer', 'hyaluronic acid', 'vitamin e']",kaggle,"['sensitive', 'all', 'combination', 'dry']","['sensitivity', 'texture', 'hydration']",4.3,791,"This moisturizer contains glycerin, capric triglyceride, cetearyl alcohol, cetyl alcohol, dimethicon, phenoxyethanol, polysorbate, ceteareth, behentrimonium methosulfate, polyglyceryl-3 diisostearate","cerave moisturising lotion 473ml moisturizer cerave sensitive all combination dry sensitivity texture hydration glycerin capric triglyceride cetearyl alcohol cetyl alcohol dimethicon phenoxyethanol polysorbate ceteareth behentrimonium methosulfate polyglyceryl-3 diisostearate sodium lauroyl ethylhexyl glycerin potassium phosphate disodium edta dipotassium phosphate ceramide cholesterol xanthan gum carbomer hyaluronic acid vitamin e this moisturizer contains glycerin, capric triglyceride, cetearyl alcohol, cetyl alcohol, dimethicon, phenoxyethanol, polysorbate, ceteareth, behentrimonium methosulfate, polyglyceryl-3 diisostearate"
prod_000006,CeraVe Facial Moisturising Lotion No SPF 52ml,Cerave,moisturizer,16.51,"['glycerin', 'capric triglyceride', 'niacinamide', 'cetearyl alcohol', 'ceramide 3', 'ceramide 6 ii', 'ceramide 1', 'phytosphingosine', 'sodium hyaluronate', 'sodium hydroxide', 'dimethicon', 'behentrimonium methosulfate', 'ceteareth 20', 'polyglyceryl-3 diisostearate', 'cholesterol', 'xanthan gum', 'carbomer', 'disodium edta', 'dipotassium phosphate', 'potassium phosphate', 'sodium lauroyl']","['glycerin', 'capric triglyceride', 'niacinamide', 'cetearyl alcohol', 'ceramide', 'ceramide 6 ii', 'hyaluronic acid', 'sodium hydroxide', 'dimethicon', 'behentrimonium methosulfate', 'ceteareth', 'polyglyceryl-3 diisostearate', 'cholesterol', 'xanthan gum', 'carbomer', 'disodium edta', 'dipotassium phosphate', 'potassium phosphate', 'sodium lauroyl']",kaggle,"['all', 'combination', 'oily', 'dry', 'sensitive']","['pigmentation', 'texture', 'hydration', 'sun_protection', 'sensitivity', 'aging', 'acne']",4.5,3489,"This moisturizer contains glycerin, capric triglyceride, niacinamide, cetearyl alcohol, ceramide, ceramide 6 ii, hyaluronic acid, sodium hydroxide, dimethicon, behentrimonium methosulfate","cerave facial moisturising lotion no spf 52ml moisturizer cerave all combination oily dry sensitive pigmentation texture hydration sun_protection sensitivity aging acne glycerin capric triglyceride niacinamide cetearyl alcohol ceramide ceramide 6 ii hyaluronic acid sodium hydroxide dimethicon behentrimonium methosulfate ceteareth polyglyceryl-3 diisostearate cholesterol xanthan gum carbomer disodium edta dipotassium phosphate potassium phosphate sodium lauroyl this moisturizer contains glycerin, capric triglyceride, niacinamide, cetearyl alcohol, ceramide, ceramide 6 ii, hyaluronic acid, sodium hydroxide, dimethicon, behentrimonium methosulfate"
prod_000007,The Ordinary Natural Moisturizing Factors + HA 100ml,The Ordinary,moisturizer,8.64,"['capric triglyceride', 'cetyl alcohol', 'propanediol', 'stearyl alcohol', 'glycerin', 'sodium hyaluronate', 'arganine', 'aspartic acid', 'glycine', 'alanine', 'serine', 'valine', 'isoleucine', 'proline', 'threonine', 'histidine', 'phenylalanine', 'glucose', 'maltose', 'fructose', 'trehalose', 'sodium pca', 'pca', 'sodium lactate', 'urea', 'allantoin', 'linoleic acid', 'oleic acid', 'phytosteryl canola glycerides', 'palmitic acid', 'stearic acid', 'lecithin', 'triolein', 'tocopherol', 'carbomer', 'isoceteth-20', 'polysorbate 60', 'sodium chloride', 'citric acid', 'trisodium ethylenediamine disuccinate', 'pentylene glycol', 'triethanolamine', 'sodium hydroxide', 'phenoxyethanol', 'chlorphenesin']","['capric triglyceride', 'cetyl alcohol', 'propanediol', 'stearyl alcohol', 'glycerin', 'hyaluronic acid', 'arganine', 'aspartic acid', 'glycine', 'alanine', 'serine', 'valine', 'isoleucine', 'proline', 'threonine', 'histidine', 'phenylalanine', 'glucose', 'maltose', 'fructose', 'trehalose', 'sodium pca', 'pca', 'sodium lactate', 'urea', 'allantoin', 'linoleic acid', 'oleic acid', 'phytosteryl canola glycerides', 'palmitic acid', 'stearic acid', 'lecithin', 'triolein', 'vitamin e', 'carbomer', 'isoceteth', 'polysorbate', 'sodium chloride', 'citric acid', 'trisodium ethylenediamine disuccinate', 'pentylene glycol', 'triethanolamine', 'sodium hydroxide', 'phenoxyethanol', 'chlorphenesin']",kaggle,"['sensitive', 'all', 'combination', 'dry']","['sensitivity', 'hydration']",4.4,264,"This moisturizer contains capric triglyceride, cetyl alcohol, propanediol, stearyl alcohol, glycerin, hyaluronic acid, arganine, aspartic acid, glycine, alanine","the ordinary natural moisturizing factors + ha 100ml moisturizer the ordinary sensitive all combination dry sensitivity hydration capric triglyceride cetyl alcohol propanediol stearyl alcohol glycerin hyaluronic acid arganine aspartic acid glycine alanine serine valine isoleucine proline threonine histidine phenylalanine glucose maltose fructose trehalose sodium pca pca sodium lactate urea allantoin linoleic acid oleic acid phytosteryl canola glycerides palmitic acid stearic acid lecithin triolein vitamin e carbomer isoceteth polysorbate sodium chloride citric acid trisodium ethylenediamine disuccinate pentylene glycol triethanolamine sodium hydroxide phenoxyethanol chlorphenesin this moisturizer contains capric triglyceride, cetyl alcohol, propanediol, stearyl alcohol, glycerin, hyaluronic acid, arganine, aspartic acid, glycine, alanine"
prod_000008,CeraVe Smoothing Cream 177ml,Cerave,moisturizer,15.24,"['glycerin', 'behentrimonium methosulfate', 'cetearyl alcohol', 'paraffinum liquidum', 'glyceryl stearate se', 'ammonium lactate', 'salicylic acid', 'triethanolamine', 'cetyl alcohol', 'niacinamide', 'peg-100 stearate', 'vitamin d3', 'ceramide 3', 'ceramide 6 ii', 'ceramide 1', 'cholesterol', 'phytosphingosine', 'sodium hyaluronate', 'phenoxyethanol', 'dimethicon', 'methylparaben', 'edetate disodium', 'propylparaben', 'sodium lauroyl', 'carbomer', 'xanthan gum']","['glycerin', 'behentrimonium methosulfate', 'cetearyl alcohol', 'mineral oil', 'glyceryl stearate se', 'ammonium lactate', 'salicylic acid', 'triethanolamine', 'cetyl alcohol', 'niacinamide', 'peg-100 stearate', 'vitamin d', 'ceramide', 'ceramide 6 ii', 'cholesterol', 'hyaluronic acid', 'phenoxyethanol', 'dimethicon', 'paraben', 'edetate disodium', 'sodium lauroyl', 'carbomer', 'xanthan gum']",kaggle,"['all', 'combination', 'oily', 'dry', 'sensitive']","['pigmentation', 'texture', 'hydration', 'sensitivity', 'aging', 'acne']",4.6,2981,"This moisturizer contains glycerin, behentrimonium methosulfate, cetearyl alcohol, mineral oil, glyceryl stearate se, ammonium lactate, salicylic acid, triethanolamine, cetyl alcohol, niacinamide","cerave smoothing cream 177ml moisturizer cerave all combination oily dry sensitive pigmentation texture hydration sensitivity aging acne glycerin behentrimonium methosulfate cetearyl alcohol mineral oil glyceryl stearate se ammonium lactate salicylic acid triethanolamine cetyl alcohol niacinamide peg-100 stearate vitamin d ceramide ceramide 6 ii cholesterol hyaluronic acid phenoxyethanol dimethicon paraben edetate disodium sodium lauroyl carbomer xanthan gum this moisturizer contains glycerin, behentrimonium methosulfate, cetearyl alcohol, mineral oil, glyceryl stearate se, ammonium lactate, salicylic acid, triethanolamine, cetyl alcohol, niacinamide"
prod_000009,Clinique Moisture Surge 72 Hour Moisturiser 75ml,Clinique,moisturizer,46.99,"['dimethicon', 'butylene glycol', 'glycerin', 'trisiloxane', 'trehalose', 'sucrose', 'ammonium acryloyldimethyltaurate/vp', 'hydroxyethyl urea', 'camellia sinensis extract', 'silybum marianum extract', 'betula alba bark extract', 'saccharomyces lysate extract', 'aloe barbadenis extract', 'thermus thermophillus ferment', 'caffeinee', 'sorbitol', 'palmitoyl hexapeptide-12', 'sodium hyaluronate', 'caprylyl glycol', 'oleth-10', 'sodium polyaspartate', 'saccharide isomerate', 'hydrogenated lecithin', 'tocopheryl acetate', 'acrylates/c10-30 alkyl', 'glyceryl polymethacrylate', 'tromethamine', 'peg-8', 'hexylene glycol', 'magnesium ascorbyl phosphate', 'disodium edta', 'bht', 'phenoxyethanol', 'ci 14700', 'ci 19140']","['dimethicon', 'butylene glycol', 'glycerin', 'trisiloxane', 'trehalose', 'sucrose', 'ammonium acryloyldimethyltaurate/vp', 'urea', 'camellia sinensis extract', 'silybum marianum extract', 'betula alba bark extract', 'saccharomyces lysate extract', 'aloe barbadenis extract', 'thermus thermophillus ferment', 'caffeinee', 'sorbitol', 'palmitoyl hexapeptide', 'hyaluronic acid', 'caprylyl glycol', 'oleth', 'sodium polyaspartate', 'saccharide isomerate', 'hydrogenated lecithin', 'vitamin e', 'acrylates/c10-30 alkyl', 'glyceryl polymethacrylate', 'tromethamine', 'peg', 'hexylene glycol', 'vitamin c', 'disodium edta', 'bht', 'phenoxyethanol', 'ci']",kaggle,"['all', 'combination', 'dry']","['pigmentation', 'aging', 'hydration']",4.5,3489,"This moisturizer contains dimethicon, butylene glycol, glycerin, trisiloxane, trehalose, sucrose, ammonium acryloyldimethyltaurate/vp, urea, camellia sinensis extract, silybum marianum extract","clinique moisture surge 72 hour moisturiser 75ml moisturizer clinique all combination dry pigmentation aging hydration dimethicon butylene glycol glycerin trisiloxane trehalose sucrose ammonium acryloyldimethyltaurate/vp urea camellia sinensis extract silybum marianum extract betula alba bark extract saccharomyces lysate extract aloe barbadenis extract thermus thermophillus ferment caffeinee sorbitol palmitoyl hexapeptide hyaluronic acid caprylyl glycol oleth sodium polyaspartate saccharide isomerate hydrogenated lecithin vitamin e acrylates/c10-30 alkyl glyceryl polymethacrylate tromethamine peg hexylene glycol vitamin c disodium edta bht phenoxyethanol ci this moisturizer contains dimethicon, butylene glycol, glycerin, trisiloxane, trehalose, sucrose, ammonium acryloyldimethyltaurate/vp, urea, camellia sinensis extract, silybum marianum extract"
prod_000010,CeraVe Moisturising Cream 50ml,Cerave,moisturizer,5.08,"['glycerin', 'cetearyl alcohol', 'capric triglyceride', 'behentrimonium methosulfate', 'cetearyl alcohol', 'cetyl alcohol', 'ceramide 3', 'ceramide 6 ii', 'ceramide 1', 'sodium hyaluronate', 'cholesterol', 'petrolatum', 'dimethicon', 'potassium phosphate', 'dipotassium phosphate', 'sodium lauroyl', 'disodium edta', 'phenoxyethanol', 'methylparaben', 'propylparaben', 'phytosphingosine', 'carbomer', 'xanthan gum']","['glycerin', 'cetearyl alcohol', 'capric triglyceride', 'behentrimonium methosulfate', 'cetyl alcohol', 'ceramide', 'ceramide 6 ii', 'hyaluronic acid', 'cholesterol', 'mineral oil', 'dimethicon', 'potassium phosphate', 'dipotassium phosphate', 'sodium lauroyl', 'disodium edta', 'phenoxyethanol', 'paraben', 'carbomer', 'xanthan gum']",kaggle,"['sensitive', 'all', 'combination', 'dry']","['sensitivity', 'texture', 'hydration']",4.5,3489,"This moisturizer contains glycerin, cetearyl alcohol, capric triglyceride, behentrimonium methosulfate, cetyl alcohol, ceramide, ceramide 6 ii, hyaluronic acid, cholesterol, mineral oil","cerave moisturising cream 50ml moisturizer cerave sensitive all combination dry sensitivity texture hydration glycerin cetearyl alcohol capric triglyceride behentrimonium methosulfate cetyl alcohol ceramide ceramide 6 ii hyaluronic acid cholesterol mineral oil dimethicon potassium phosphate dipotassium phosphate sodium lauroyl disodium edta phenoxyethanol paraben carbomer xanthan gum this moisturizer contains glycerin, cetearyl alcohol, capric triglyceride, behentrimonium methosulfate, cetyl alcohol, ceramide, ceramide 6 ii, hyaluronic acid, cholesterol, mineral oil"
prod_000011,CeraVe Moisturising Cream 340g,Cerave,moisturizer,16.51,"['glycerin', 'cetearyl alcohol', 'capric triglyceride', 'behentrimonium methosulfate', 'cetearyl alcohol', 'cetyl alcohol', 'ceramide 3', 'ceramide 6 ii', 'ceramide 1', 'sodium hyaluronate', 'cholesterol', 'petrolatum', 'dimethicon', 'potassium phosphate', 'dipotassium phosphate', 'sodium lauroyl', 'disodium edta', 'phenoxyethanol', 'methylparaben', 'propylparaben', 'phytosphingosine', 'carbomer', 'xanthan gum']","['glycerin', 'cetearyl alcohol', 'capric triglyceride', 'behentrimonium methosulfate', 'cetyl alcohol', 'ceramide', 'ceramide 6 ii', 'hyaluronic acid', 'cholesterol', 'mineral oil', 'dimethicon', 'potassium phosphate', 'dipotassium phosphate', 'sodium lauroyl', 'disodium edta', 'phenoxyethanol', 'paraben', 'carbomer', 'xanthan gum']",kaggle,"['sensitive', 'all', 'combination', 'dry']","['sensitivity', 'texture', 'hydration']",4.5,3489,"This moisturizer contains glycerin, cetearyl alcohol, capric triglyceride, behentrimonium methosulfate, cetyl alcohol, ceramide, ceramide 6 ii, hyaluronic acid, cholesterol, mineral oil","cerave moisturising cream 340g moisturizer cerave sensitive all combination dry sensitivity texture hydration glycerin cetearyl alcohol capric triglyceride behentrimonium methosulfate cetyl alcohol ceramide ceramide 6 ii hyaluronic acid cholesterol mineral oil dimethicon potassium phosphate dipotassium phosphate sodium lauroyl disodium edta phenoxyethanol paraben carbomer xanthan gum this moisturizer contains glycerin, cetearyl alcohol, capric triglyceride, behentrimonium methosulfate, cetyl alcohol, ceramide, ceramide 6 ii, hyaluronic acid, cholesterol, mineral oil"
prod_000012,First Aid Beauty Ultra Repair Cream (56.7g),First Aid Beauty,moisturizer,15.24,"['colloidal oatmeal', 'stearic acid', 'glycerin', 'c12-15', 'capric triglyceride', 'glyceryl stearate', 'glyceryl stearate se', 'cetearyl alcohol', 'caprylyl glycol', 'phenoxyethanol', 'butyrospermum parkii', 'squalene', 'allantoin', 'sodium hydroxide', 'dimethicon', 'xanthan gum', 'disodium edta', 'chrysanthemum parthenium (feverfew) extract', 'camellia sinensis extract', 'butylene glycol', 'glycyrrhiza glabra root extract', 'eucalyptus globulus', 'ceramide 3']","['colloidal oatmeal', 'stearic acid', 'glycerin', 'c', 'capric triglyceride', 'glyceryl stearate', 'glyceryl stearate se', 'cetearyl alcohol', 'caprylyl glycol', 'phenoxyethanol', 'shea butter', 'squalane', 'allantoin', 'sodium hydroxide', 'dimethicon', 'xanthan gum', 'disodium edta', 'chrysanthemum parthenium  extract', 'camellia sinensis extract', 'butylene glycol', 'glycyrrhiza glabra root extract', 'eucalyptus globulus', 'ceramide']",kaggle,"['sensitive', 'all', 'combination', 'dry']","['sensitivity', 'hydration']",4.2,100,"This moisturizer contains colloidal oatmeal, stearic acid, glycerin, c, capric triglyceride, glyceryl stearate, glyceryl stearate se, cetearyl alcohol, caprylyl glycol, phenoxyethanol","first aid beauty ultra repair cream (56.7g) moisturizer first aid beauty sensitive all combination dry sensitivity hydration colloidal oatmeal stearic acid glycerin c capric triglyceride glyceryl stearate glyceryl stearate se cetearyl alcohol caprylyl glycol phenoxyethanol shea butter squalane allantoin sodium hydroxide dimethicon xanthan gum disodium edta chrysanthemum parthenium  extract camellia sinensis extract butylene glycol glycyrrhiza glabra root extract eucalyptus globulus ceramide this moisturizer contains colloidal oatmeal, stearic acid, glycerin, c, capric triglyceride, glyceryl stearate, glyceryl stearate se, cetearyl alcohol, caprylyl glycol, phenoxyethanol"
prod_000013,Avène Antirougeurs Jour Redness Relief Moisturizing Protecting Cream (40ml),Avène,moisturizer,20.32,"['ethylhexyl methoxycinnamate', 'c12-15', 'carthamus tinctorius extract', 'cyclomethicone', 'glycerin', 'capric triglyceride', 'octocrylene', 'bisethylhexyloxyphenol methoxyphenyl triazine', 'arachidyl alcohol', 'glyceryl stearate', 'peg-100 stearate', 'arachidyl glucoside', 'behenyl alcohol', 'bht', 'ci 42090', 'caprylyl glycol', 'dextran sulfate', 'disodium edta', 'parfum', 'hesperidin methyl chalcone', 'hydroxyethyl acrylate/sodium acryloyldimethyl taurate', 'isohexadecane', 'magnesium silicate', 'ci 77019', 'polysorbate 60', 'ruscus aculeatus root extract', 'sorbic acid', 'sorbitan isostearate', 'titanium dioxide', 'xanthan gum']","['ethylhexyl methoxycinnamate', 'c', 'carthamus tinctorius extract', 'silicone', 'glycerin', 'capric triglyceride', 'octocrylene', 'bisethylhexyloxyphenol methoxyphenyl triazine', 'arachidyl alcohol', 'glyceryl stearate', 'peg-100 stearate', 'arachidyl glucoside', 'behenyl alcohol', 'bht', 'ci', 'caprylyl glycol', 'dextran sulfate', 'disodium edta', 'fragrance', 'hesperidin methyl chalcone', 'hydroxyethyl acrylate/sodium acryloyldimethyl taurate', 'isohexadecane', 'magnesium silicate', 'polysorbate', 'ruscus aculeatus root extract', 'sorbic acid', 'sorbitan isostearate', 'titanium dioxide', 'xanthan gum']",kaggle,"['sensitive', 'combination', 'dry']","['sensitivity', 'hydration', 'sun_protection']",4.2,100,"This moisturizer contains ethylhexyl methoxycinnamate, c, carthamus tinctorius extract, silicone, glycerin, capric triglyceride, octocrylene, bisethylhexyloxyphenol methoxyphenyl triazine, arachidyl alcohol, glyceryl stearate","avène antirougeurs jour redness relief moisturizing protecting cream (40ml) moisturizer avène sensitive combination dry sensitivity hydration sun_protection ethylhexyl methoxycinnamate c carthamus tinctorius extract silicone glycerin capric triglyceride octocrylene bisethylhexyloxyphenol methoxyphenyl triazine arachidyl alcohol glyceryl stearate peg-100 stearate arachidyl glucoside behenyl alcohol bht ci caprylyl glycol dextran sulfate disodium edta fragrance hesperidin methyl chalcone hydroxyethyl acrylate/sodium acryloyldimethyl taurate isohexadecane magnesium silicate polysorbate ruscus aculeatus root extract sorbic acid sorbitan isostearate titanium dioxide xanthan gum this moisturizer contains ethylhexyl methoxycinnamate, c, carthamus tinctorius extract, silicone, glycerin, capric triglyceride, octocrylene, bisethylhexyloxyphenol methoxyphenyl triazine, arachidyl alcohol, glyceryl stearate"
prod_000014,Clinique Dramatically Different Moisturising Lotion+ 125ml with Pump,Clinique,moisturizer,38.1,"['paraffinum liquidum', 'glycerin', 'petrolatum', 'stearic acid', 'glyceryl stearate', 'sesamium indicum seed oil', 'urea', 'lanolin alcohol', 'triethanolamine', 'hordeum vulgare extract', 'cucumis sativus extract', 'helianthus annuus seed oil', 'propylene glycol dicoco-caprylate', 'sodium hyaluronate', 'butylene glycol', 'pentylene glycol', 'trisodium edta', 'phenoxyethanol', 'ci 15985', 'ci 19140', 'ci 17200']","['mineral oil', 'glycerin', 'stearic acid', 'glyceryl stearate', 'sesamium indicum seed oil', 'urea', 'lanolin alcohol', 'triethanolamine', 'hordeum vulgare extract', 'cucumis sativus extract', 'helianthus annuus seed oil', 'propylene glycol dicoco-caprylate', 'hyaluronic acid', 'butylene glycol', 'pentylene glycol', 'trisodium edta', 'phenoxyethanol', 'ci']",kaggle,"['all', 'combination', 'dry']",['hydration'],4.4,264,"This moisturizer contains mineral oil, glycerin, stearic acid, glyceryl stearate, sesamium indicum seed oil, urea, lanolin alcohol, triethanolamine, hordeum vulgare extract, cucumis sativus extract","clinique dramatically different moisturising lotion+ 125ml with pump moisturizer clinique all combination dry hydration mineral oil glycerin stearic acid glyceryl stearate sesamium indicum seed oil urea lanolin alcohol triethanolamine hordeum vulgare extract cucumis sativus extract helianthus annuus seed oil propylene glycol dicoco-caprylate hyaluronic acid butylene glycol pentylene glycol trisodium edta phenoxyethanol ci this moisturizer contains mineral oil, glycerin, stearic acid, glyceryl stearate, sesamium indicum seed oil, urea, lanolin alcohol, triethanolamine, hordeum vulgare extract, cucumis sativus extract"
prod_000015,First Aid Beauty Ultra Repair Cream (170g),First Aid Beauty,moisturizer,31.75,"['colloidal oatmeal', 'stearic acid', 'glycerin', 'c12-15', 'capric triglyceride', 'glyceryl stearate', 'glyceryl stearate se', 'cetearyl alcohol', 'caprylyl glycol', 'phenoxyethanol', 'butyrospermum parkii', 'squalene', 'allantoin', 'sodium hydroxide', 'dimethicon', 'xanthan gum', 'disodium edta', 'chrysanthemum parthenium (feverfew) extract', 'camellia sinensis extract', 'butylene glycol', 'glycyrrhiza glabra root extract', 'eucalyptus globulus', 'ceramide 3']","['colloidal oatmeal', 'stearic acid', 'glycerin', 'c', 'capric triglyceride', 'glyceryl stearate', 'glyceryl stearate se', 'cetearyl alcohol', 'caprylyl glycol', 'phenoxyethanol', 'shea butter', 'squalane', 'allantoin', 'sodium hydroxide', 'dimethicon', 'xanthan gum', 'disodium edta', 'chrysanthemum parthenium  extract', 'camellia sinensis extract', 'butylene glycol', 'glycyrrhiza glabra root extract', 'eucalyptus globulus', 'ceramide']",kaggle,"['sensitive', 'all', 'combination', 'dry']","['sensitivity', 'hydration']",4.2,100,"This moisturizer contains colloidal oatmeal, stearic acid, glycerin, c, capric triglyceride, glyceryl stearate, glyceryl stearate se, cetearyl alcohol, caprylyl glycol, phenoxyethanol","first aid beauty ultra repair cream (170g) moisturizer first aid beauty sensitive all combination dry sensitivity hydration colloidal oatmeal stearic acid glycerin c capric triglyceride glyceryl stearate glyceryl stearate se cetearyl alcohol caprylyl glycol phenoxyethanol shea butter squalane allantoin sodium hydroxide dimethicon xanthan gum disodium edta chrysanthemum parthenium  extract camellia sinensis extract butylene glycol glycyrrhiza glabra root extract eucalyptus globulus ceramide this moisturizer contains colloidal oatmeal, stearic acid, glycerin, c, capric triglyceride, glyceryl stearate, glyceryl stearate se, cetearyl alcohol, caprylyl glycol, phenoxyethanol"
prod_000016,Weleda Skin Food (75ml),Weleda,moisturizer,16.45,"['helianthus annuus seed oil', 'lanolin', 'prunus amygdalus dulcis', 'cera alba', 'alcohol', 'polyglyceryl-3 polyricinoleate', 'glycerin', 'limonene', 'viola tricolor extract', 'parfum', 'hydrolyzed cera alba', 'sobitan olivate', 'rosmarinus officinalis extract', 'chamomilla recutita flower oil', 'calendula officinalis extract', 'arganine', 'zinc sulfate', 'linalool', 'geraniol', 'citral', 'coumarin']","['helianthus annuus seed oil', 'lanolin', 'prunus amygdalus dulcis', 'cera alba', 'alcohol', 'polyglyceryl-3 polyricinoleate', 'glycerin', 'limonene', 'viola tricolor extract', 'fragrance', 'hydrolyzed cera alba', 'sobitan olivate', 'rosmarinus officinalis extract', 'chamomilla recutita flower oil', 'calendula officinalis extract', 'arganine', 'zinc sulfate', 'linalool', 'geraniol', 'citral', 'coumarin']",kaggle,"['all', 'combination', 'oily', 'dry', 'sensitive']","['sensitivity', 'hydration', 'acne']",4.7,540,"This moisturizer contains helianthus annuus seed oil, lanolin, prunus amygdalus dulcis, cera alba, alcohol, polyglyceryl-3 polyricinoleate, glycerin, limonene, viola tricolor extract, fragrance","weleda skin food (75ml) moisturizer weleda all combination oily dry sensitive sensitivity hydration acne helianthus annuus seed oil lanolin prunus amygdalus dulcis cera alba alcohol polyglyceryl-3 polyricinoleate glycerin limonene viola tricolor extract fragrance hydrolyzed cera alba sobitan olivate rosmarinus officinalis extract chamomilla recutita flower oil calendula officinalis extract arganine zinc sulfate linalool geraniol citral coumarin this moisturizer contains helianthus annuus seed oil, lanolin, prunus amygdalus dulcis, cera alba, alcohol, polyglyceryl-3 polyricinoleate, glycerin, limonene, viola tricolor extract, fragrance"
prod_000017,Neutrogena Hydro Boost City Shield SPF Moisturiser,Neutrogena,moisturizer,16.5,"['glycerin', 'homosalate', 'caprylyl methicone', 'ethylhexyl salicylate', 'butyl methoxydibenzoylmethane', 'phenylbenzimidazole sulfonic acid', 'octocrylene', 'sodium acryloyldimethyltaurate/vp crosspolymer', 'silica', 'sodium hyaluronate', 'tocopheryl acetate', 'dicaprylyl carbonate', 'glyceryl stearate', 'steareth-21', 'sodium polyacrylate', 'disodium edta', 'sodium hydroxide', 'sodium ascorbyl phosphate', 'tocopherol', 'benzyl alcohol', 'chlorphenesin', 'phenoxyethanol', 'parfum', 'ci 16035', 'ci 42090']","['glycerin', 'homosalate', 'caprylyl methicone', 'ethylhexyl salicylate', 'butyl methoxydibenzoylmethane', 'phenylbenzimidazole sulfonic acid', 'octocrylene', 'sodium acryloyldimethyltaurate/vp crosspolymer', 'silica', 'hyaluronic acid', 'vitamin e', 'dicaprylyl carbonate', 'glyceryl stearate', 'steareth', 'sodium polyacrylate', 'disodium edta', 'sodium hydroxide', 'vitamin c', 'benzyl alcohol', 'chlorphenesin', 'phenoxyethanol', 'fragrance', 'ci']",kaggle,"['all', 'combination', 'dry']","['pigmentation', 'hydration', 'sun_protection', 'aging']",4.3,791,"This moisturizer contains glycerin, homosalate, caprylyl methicone, ethylhexyl salicylate, butyl methoxydibenzoylmethane, phenylbenzimidazole sulfonic acid, octocrylene, sodium acryloyldimethyltaurate/vp crosspolymer, silica, hyaluronic acid","neutrogena hydro boost city shield spf moisturiser moisturizer neutrogena all combination dry pigmentation hydration sun_protection aging glycerin homosalate caprylyl methicone ethylhexyl salicylate butyl methoxydibenzoylmethane phenylbenzimidazole sulfonic acid octocrylene sodium acryloyldimethyltaurate/vp crosspolymer silica hyaluronic acid vitamin e dicaprylyl carbonate glyceryl stearate steareth sodium polyacrylate disodium edta sodium hydroxide vitamin c benzyl alcohol chlorphenesin phenoxyethanol fragrance ci this moisturizer contains glycerin, homosalate, caprylyl methicone, ethylhexyl salicylate, butyl methoxydibenzoylmethane, phenylbenzimidazole sulfonic acid, octocrylene, sodium acryloyldimethyltaurate/vp crosspolymer, silica, hyaluronic acid"
prod_000018,Egyptian Magic All Purpose Skin Cream 118ml/4oz,Egyptian,moisturizer,38.1,"['olea europaea fruit oil', 'cera alba', 'mel', 'bee pollen', 'royal jelly', 'propolis extract']","['olea europaea fruit oil', 'cera alba', 'mel', 'bee pollen', 'royal jelly', 'propolis extract']",kaggle,['all'],['hydration'],4.3,791,"This moisturizer contains olea europaea fruit oil, cera alba, mel, bee pollen, royal jelly, propolis extract","egyptian magic all purpose skin cream 118ml/4oz moisturizer egyptian all hydration olea europaea fruit oil cera alba mel bee pollen royal jelly propolis extract this moisturizer contains olea europaea fruit oil, cera alba, mel, bee pollen, royal jelly, propolis extract"
prod_000019,JASON Aloe Vera 98% Moisturising Gel Tube 113g,Jason,moisturizer,3.8,"['aloe barbadenis extract', 'glycerin', 'allantoin', 'polysorbate-20', 'panthenol', 'potassium carbomer', 'arganine', 'menthol', 'benzyl alcohol', 'potassium sorbate', 'sodium benzoate', 'chlorophyllin-copper complex', 'parfum']","['aloe barbadenis extract', 'glycerin', 'allantoin', 'polysorbate', 'panthenol', 'potassium carbomer', 'arganine', 'menthol', 'benzyl alcohol', 'potassium sorbate', 'sodium benzoate', 'chlorophyllin-copper complex', 'fragrance']",kaggle,"['sensitive', 'all', 'combination', 'dry']","['sensitivity', 'hydration']",4.1,1847,"This moisturizer contains aloe barbadenis extract, glycerin, allantoin, polysorbate, panthenol, potassium carbomer, arganine, menthol, benzyl alcohol, potassium sorbate","jason aloe vera 98% moisturising gel tube 113g moisturizer jason sensitive all combination dry sensitivity hydration aloe barbadenis extract glycerin allantoin polysorbate panthenol potassium carbomer arganine menthol benzyl alcohol potassium sorbate sodium benzoate chlorophyllin-copper complex fragrance this moisturizer contains aloe barbadenis extract, glycerin, allantoin, polysorbate, panthenol, potassium carbomer, arganine, menthol, benzyl alcohol, potassium sorbate"
prod_000020,CeraVe Moisturising Cream 177ml,Cerave,moisturizer,11.43,"['glycerin', 'cetearyl alcohol', 'capric triglyceride', 'behentrimonium methosulfate', 'cetearyl alcohol', 'cetyl alcohol', 'ceramide 3', 'ceramide 6 ii', 'ceramide 1', 'sodium hyaluronate', 'cholesterol', 'petrolatum', 'dimethicon', 'potassium phosphate', 'dipotassium phosphate', 'sodium lauroyl', 'disodium edta', 'phenoxyethanol', 'methylparaben', 'propylparaben', 'phytosphingosine', 'carbomer', 'xanthan gum']","['glycerin', 'cetearyl alcohol', 'capric triglyceride', 'behentrimonium methosulfate', 'cetyl alcohol', 'ceramide', 'ceramide 6 ii', 'hyaluronic acid', 'cholesterol', 'mineral oil', 'dimethicon', 'potassium phosphate', 'dipotassium phosphate', 'sodium lauroyl', 'disodium edta', 'phenoxyethanol', 'paraben', 'carbomer', 'xanthan gum']",kaggle,"['sensitive', 'all', 'combination', 'dry']","['sensitivity', 'texture', 'hydration']",4.5,3489,"This moisturizer contains glycerin, cetearyl alcohol, capric triglyceride, behentrimonium methosulfate, cetyl alcohol, ceramide, ceramide 6 ii, hyaluronic acid, cholesterol, mineral oil","cerave moisturising cream 177ml moisturizer cerave sensitive all combination dry sensitivity texture hydration glycerin cetearyl alcohol capric triglyceride behentrimonium methosulfate cetyl alcohol ceramide ceramide 6 ii hyaluronic acid cholesterol mineral oil dimethicon potassium phosphate dipotassium phosphate sodium lauroyl disodium edta phenoxyethanol paraben carbomer xanthan gum this moisturizer contains glycerin, cetearyl alcohol, capric triglyceride, behentrimonium methosulfate, cetyl alcohol, ceramide, ceramide 6 ii, hyaluronic acid, cholesterol, mineral oil"
prod_000021,Embryolisse Lait-Crème Concentré (75ml),Embryolisse,moisturizer,25.4,"['paraffinum liquidum', 'stearic acid', 'glyceryl stearate', 'triethanolamine', 'cera alba', 'cetyl palmitate', 'butyrospermum parkii', 'steareth-10', 'polyacrylamide c13-14 isoparaffin', 'laureth-7', 'propylene glycol', 'hydrolyzed soy protein', 'aloe barbadenis extract', '1,2-hexanediol', 'caprylyl glycol', 'tropolone', 'parfum']","['mineral oil', 'stearic acid', 'glyceryl stearate', 'triethanolamine', 'cera alba', 'cetyl palmitate', 'shea butter', 'steareth', 'polyacrylamide c13-14 isoparaffin', 'laureth', 'propylene glycol', 'hydrolyzed soy protein', 'aloe barbadenis extract', ',2-hexanediol', 'caprylyl glycol', 'tropolone', 'fragrance']",kaggle,"['all', 'dry']",['hydration'],4.4,264,"This moisturizer contains mineral oil, stearic acid, glyceryl stearate, triethanolamine, cera alba, cetyl palmitate, shea butter, steareth, polyacrylamide c13-14 isoparaffin, laureth","embryolisse lait-crème concentré (75ml) moisturizer embryolisse all dry hydration mineral oil stearic acid glyceryl stearate triethanolamine cera alba cetyl palmitate shea butter steareth polyacrylamide c13-14 isoparaffin laureth propylene glycol hydrolyzed soy protein aloe barbadenis extract ,2-hexanediol caprylyl glycol tropolone fragrance this moisturizer contains mineral oil, stearic acid, glyceryl stearate, triethanolamine, cera alba, cetyl palmitate, shea butter, steareth, polyacrylamide c13-14 isoparaffin, laureth"
prod_000022,La Roche-Posay Effaclar H Moisturiser 40ml,La Roche-Posay,moisturizer,12.69,"['squalene', 'glycerin', 'cyclohexasiloxane', 'propylene glycol', 'butyrospermum parkii', 'capric triglyceride', 'peg-100 stearate', 'glyceryl stearate', 'peg-20 stearate', 'bisabolol', 'tea-carbomer', 'ammonium polyacryloyldmethyl taurate', 'disodium edta', 'hydroxypalmitoyl sphinganine', 'tetrasodium edta', 'xanthan gum', 'cetyl alcohol', 'stearyl alcohol', 'myristyl alcohol', 't-butyl alcohol', 'citric acid', 'tocopherol', 'sodium benzoate', 'phenoxyethanol', 'methylparaben', 'propylparaben', 'parfum']","['squalane', 'glycerin', 'silicone', 'propylene glycol', 'shea butter', 'capric triglyceride', 'peg-100 stearate', 'glyceryl stearate', 'peg-20 stearate', 'bisabolol', 'tea-carbomer', 'ammonium polyacryloyldmethyl taurate', 'disodium edta', 'hydroxypalmitoyl sphinganine', 'tetrasodium edta', 'xanthan gum', 'cetyl alcohol', 'stearyl alcohol', 'myristyl alcohol', 't-butyl alcohol', 'citric acid', 'vitamin e', 'sodium benzoate', 'phenoxyethanol', 'paraben', 'fragrance']",kaggle,"['sensitive', 'all', 'combination', 'dry']","['sensitivity', 'hydration']",4.3,791,"This moisturizer contains squalane, glycerin, silicone, propylene glycol, shea butter, capric triglyceride, peg-100 stearate, glyceryl stearate, peg-20 stearate, bisabolol","la roche-posay effaclar h moisturiser 40ml moisturizer la roche-posay sensitive all combination dry sensitivity hydration squalane glycerin silicone propylene glycol shea butter capric triglyceride peg-100 stearate glyceryl stearate peg-20 stearate bisabolol tea-carbomer ammonium polyacryloyldmethyl taurate disodium edta hydroxypalmitoyl sphinganine tetrasodium edta xanthan gum cetyl alcohol stearyl alcohol myristyl alcohol t-butyl alcohol citric acid vitamin e sodium benzoate phenoxyethanol paraben fragrance this moisturizer contains squalane, glycerin, silicone, propylene glycol, shea butter, capric triglyceride, peg-100 stearate, glyceryl stearate, peg-20 stearate, bisabolol"
prod_000023,Bulldog Original Moisturiser 100ml,Bulldog,moisturizer,5.71,"['ethylhexyl palmitate', 'capric triglyceride', 'glycerin', 'sodium polyacrylate', 'sorbitan stearate', 'pentaerythrityl distearate', 'phenoxyethanol', 'tocopheryl acetate', 'sodium stearoyl glutamate', 'benzoic acid', 'carbomer', 'dehydroacetic acid', 'mannan', 'camellia sinensis extract', 'hydrolyzed algin', 'citrus aurantium bergamia', 'citrus limon juice extract', 'sodium hydroxide', 'ethylhexyl glycerin', 'artemisia vulgaris oil', 'maris aqua', 'polyaminopropyl biguanide', 'pelargonium graveolens extract', 'pogostemon cablin flower extract', 'chlorella vulgaris extract', 'citrus aurantifolia oil', 'evernia furfuracea (treemoss) extract', 'juniperus virginiana wood oil', 'vetiveria zizanoides root oil', 'citral', 'citronellol', 'geraniol', 'limonene', 'linalool']","['ethylhexyl palmitate', 'capric triglyceride', 'glycerin', 'sodium polyacrylate', 'sorbitan stearate', 'pentaerythrityl distearate', 'phenoxyethanol', 'vitamin e', 'sodium stearoyl glutamate', 'benzoic acid', 'carbomer', 'dehydroacetic acid', 'mannan', 'camellia sinensis extract', 'hydrolyzed algin', 'citrus aurantium bergamia', 'citrus limon juice extract', 'sodium hydroxide', 'ethylhexyl glycerin', 'artemisia vulgaris oil', 'maris aqua', 'polyaminopropyl biguanide', 'pelargonium graveolens extract', 'pogostemon cablin flower extract', 'chlorella vulgaris extract', 'citrus aurantifolia oil', 'evernia furfuracea  extract', 'juniperus virginiana wood oil', 'vetiveria zizanoides root oil', 'citral', 'citronellol', 'geraniol', 'limonene', 'linalool']",kaggle,"['all', 'combination', 'dry']",['hydration'],4.0,1559,"This moisturizer contains ethylhexyl palmitate, capric triglyceride, glycerin, sodium polyacrylate, sorbitan stearate, pentaerythrityl distearate, phenoxyethanol, vitamin e, sodium stearoyl glutamate, benzoic acid","bulldog original moisturiser 100ml moisturizer bulldog all combination dry hydration ethylhexyl palmitate capric triglyceride glycerin sodium polyacrylate sorbitan stearate pentaerythrityl distearate phenoxyethanol vitamin e sodium stearoyl glutamate benzoic acid carbomer dehydroacetic acid mannan camellia sinensis extract hydrolyzed algin citrus aurantium bergamia citrus limon juice extract sodium hydroxide ethylhexyl glycerin artemisia vulgaris oil maris aqua polyaminopropyl biguanide pelargonium graveolens extract pogostemon cablin flower extract chlorella vulgaris extract citrus aurantifolia oil evernia furfuracea  extract juniperus virginiana wood oil vetiveria zizanoides root oil citral citronellol geraniol limonene linalool this moisturizer contains ethylhexyl palmitate, capric triglyceride, glycerin, sodium polyacrylate, sorbitan stearate, pentaerythrityl distearate, phenoxyethanol, vitamin e, sodium stearoyl glutamate, benzoic acid"
prod_000024,Clinique Dramatically Different Moisturising Gel 125ml with Pump,Clinique,moisturizer,38.1,"['dimethicon', 'isododecane', 'butylene glycol', 'bis-peg-18 methyl ether dimethyl', 'glycerin', 'laminaria saccharina extract', 'polygonum cuspidatum root extract', 'saccharomyces lysate extract', 'cucumis sativus extract', 'hordeum vulgare extract', 'helianthus annuus seed oil', 'caffeinee', 'trehalose', 'sodium hyaluronate', 'tocopheryl acetate', 'polysilicone-11', 'silica', 'propylene glycol dicoco-caprylate', 'oleth-10', 'lactobacillus', 'laureth-23', 'laureth-4', 'ammonium acryloyldimethyltaurate/vp', 'carbomer', 'caprylyl glycol', 'hexylene glycol', 'tromethamine', 'disodium edta', 'phenoxyethanol', 'ci 19140', 'ci 14700', 'ci 15985']","['dimethicon', 'isododecane', 'butylene glycol', 'bis-peg-18 methyl ether dimethyl', 'glycerin', 'laminaria saccharina extract', 'polygonum cuspidatum root extract', 'saccharomyces lysate extract', 'cucumis sativus extract', 'hordeum vulgare extract', 'helianthus annuus seed oil', 'caffeinee', 'trehalose', 'hyaluronic acid', 'vitamin e', 'polysilicone', 'silica', 'propylene glycol dicoco-caprylate', 'oleth', 'lactobacillus', 'laureth', 'ammonium acryloyldimethyltaurate/vp', 'carbomer', 'caprylyl glycol', 'hexylene glycol', 'tromethamine', 'disodium edta', 'phenoxyethanol', 'ci']",kaggle,"['all', 'combination', 'dry']",['hydration'],4.4,264,"This moisturizer contains dimethicon, isododecane, butylene glycol, bis-peg-18 methyl ether dimethyl, glycerin, laminaria saccharina extract, polygonum cuspidatum root extract, saccharomyces lysate extract, cucumis sativus extract, hordeum vulgare extract","clinique dramatically different moisturising gel 125ml with pump moisturizer clinique all combination dry hydration dimethicon isododecane butylene glycol bis-peg-18 methyl ether dimethyl glycerin laminaria saccharina extract polygonum cuspidatum root extract saccharomyces lysate extract cucumis sativus extract hordeum vulgare extract helianthus annuus seed oil caffeinee trehalose hyaluronic acid vitamin e polysilicone silica propylene glycol dicoco-caprylate oleth lactobacillus laureth ammonium acryloyldimethyltaurate/vp carbomer caprylyl glycol hexylene glycol tromethamine disodium edta phenoxyethanol ci this moisturizer contains dimethicon, isododecane, butylene glycol, bis-peg-18 methyl ether dimethyl, glycerin, laminaria saccharina extract, polygonum cuspidatum root extract, saccharomyces lysate extract, cucumis sativus extract, hordeum vulgare extract"
prod_000025,La Roche-Posay Effaclar Duo+ SPF30 40ml,La Roche-Posay,moisturizer,22.23,"['octocrylene', 'glycerin', 'homosalate', 'ethylhexyl salicylate', 'alcohol denat', 'niacinamide', 'butyl methoxydibenzoylmethane', 'dimethicon', 'sorbitan stearate', 'silica', 'isopropyl lauroyl sarcosinate', 'sarcosinate', 'styrene/acrylates']","['octocrylene', 'glycerin', 'homosalate', 'ethylhexyl salicylate', 'alcohol denat', 'niacinamide', 'butyl methoxydibenzoylmethane', 'dimethicon', 'sorbitan stearate', 'silica', 'isopropyl lauroyl sarcosinate', 'sarcosinate', 'styrene/acrylates']",kaggle,"['oily', 'all', 'combination', 'dry']","['pigmentation', 'hydration', 'sun_protection', 'aging', 'acne']",4.1,1847,"This moisturizer contains octocrylene, glycerin, homosalate, ethylhexyl salicylate, alcohol denat, niacinamide, butyl methoxydibenzoylmethane, dimethicon, sorbitan stearate, silica","la roche-posay effaclar duo+ spf30 40ml moisturizer la roche-posay oily all combination dry pigmentation hydration sun_protection aging acne octocrylene glycerin homosalate ethylhexyl salicylate alcohol denat niacinamide butyl methoxydibenzoylmethane dimethicon sorbitan stearate silica isopropyl lauroyl sarcosinate sarcosinate styrene/acrylates this moisturizer contains octocrylene, glycerin, homosalate, ethylhexyl salicylate, alcohol denat, niacinamide, butyl methoxydibenzoylmethane, dimethicon, sorbitan stearate, silica"
prod_000026,Avene Very High Protection B-Protect SPF 50+ 30ml,Avene,moisturizer,17.78,"['c12-15', 'dicaprylyl carbonate', 'methylene bis-benzotriazolyl tetramethylbutylphenol [nano]', 'silica', 'bis-ethylhexyloxyphenol methoxyphenyl triazine', 'diethylhexyl butamido triazone', 'aluminum starch octenylsuccinate', 'diisopropyl adipate', 'butyl methoxydibenzoylmethane', 'titanium dioxide', 'decyl glucoside', 'glyceryl stearate', 'potassium cetyl phosphate', 'vp/eicosene copolymer', 'acrylates/ammonium methacrylate copolymer', 'acrylates/c10-30 alkyl', 'alumina', 'benzoic acid', 'butylene glycol', 'capric triglyceride', 'caprylyl glycol', 'disodium edta', 'parfum', 'glyceryl behenate', 'glyceryl dibehenate', 'ci 77492', 'ci 77491', 'ci 77499', 'isopropyl myristate', 'oxothiazolidine', 'propylene glycol', 'sodium benzoate', 'sodium hydroxide', 'stearyl alcohol', 'tocopherol', 'tocopheryl glucoside', 'tribehenin', 'triethyl citrate', 'xanthan gum']","['c', 'dicaprylyl carbonate', 'methylene bis-benzotriazolyl tetramethylbutylphenol [nano]', 'silica', 'bis-ethylhexyloxyphenol methoxyphenyl triazine', 'diethylhexyl butamido triazone', 'aluminum starch octenylsuccinate', 'diisopropyl adipate', 'butyl methoxydibenzoylmethane', 'titanium dioxide', 'decyl glucoside', 'glyceryl stearate', 'potassium cetyl phosphate', 'vp/eicosene copolymer', 'acrylates/ammonium methacrylate copolymer', 'acrylates/c10-30 alkyl', 'alumina', 'benzoic acid', 'butylene glycol', 'capric triglyceride', 'caprylyl glycol', 'disodium edta', 'fragrance', 'glyceryl behenate', 'glyceryl dibehenate', 'ci', 'isopropyl myristate', 'oxothiazolidine', 'propylene glycol', 'sodium benzoate', 'sodium hydroxide', 'stearyl alcohol', 'vitamin e', 'tocopheryl glucoside', 'tribehenin', 'triethyl citrate', 'xanthan gum']",kaggle,['all'],"['texture', 'hydration', 'sun_protection', 'sensitivity']",4.3,791,"This moisturizer contains c, dicaprylyl carbonate, methylene bis-benzotriazolyl tetramethylbutylphenol [nano], silica, bis-ethylhexyloxyphenol methoxyphenyl triazine, diethylhexyl butamido triazone, aluminum starch octenylsuccinate, diisopropyl adipate, butyl methoxydibenzoylmethane, titanium dioxide","avene very high protection b-protect spf 50+ 30ml moisturizer avene all texture hydration sun_protection sensitivity c dicaprylyl carbonate methylene bis-benzotriazolyl tetramethylbutylphenol [nano] silica bis-ethylhexyloxyphenol methoxyphenyl triazine diethylhexyl butamido triazone aluminum starch octenylsuccinate diisopropyl adipate butyl methoxydibenzoylmethane titanium dioxide decyl glucoside glyceryl stearate potassium cetyl phosphate vp/eicosene copolymer acrylates/ammonium methacrylate copolymer acrylates/c10-30 alkyl alumina benzoic acid butylene glycol capric triglyceride caprylyl glycol disodium edta fragrance glyceryl behenate glyceryl dibehenate ci isopropyl myristate oxothiazolidine propylene glycol sodium benzoate sodium hydroxide stearyl alcohol vitamin e tocopheryl glucoside tribehenin triethyl citrate xanthan gum this moisturizer contains c, dicaprylyl carbonate, methylene bis-benzotriazolyl tetramethylbutylphenol [nano], silica, bis-ethylhexyloxyphenol methoxyphenyl triazine, diethylhexyl butamido triazone, aluminum starch octenylsuccinate, diisopropyl adipate, butyl methoxydibenzoylmethane, titanium dioxide"
prod_000027,Avène Tolérance Extrême Emulsion 50ml,Avène,moisturizer,14.29,"['squalene', 'behenyl alcohol', 'capric triglyceride', 'glycerin', 'sodium acrylates/c10-30 alkyl']","['squalane', 'behenyl alcohol', 'capric triglyceride', 'glycerin', 'sodium acrylates/c10-30 alkyl']",kaggle,"['all', 'combination', 'dry']",['hydration'],4.2,100,"This moisturizer contains squalane, behenyl alcohol, capric triglyceride, glycerin, sodium acrylates/c10-30 alkyl","avène tolérance extrême emulsion 50ml moisturizer avène all combination dry hydration squalane behenyl alcohol capric triglyceride glycerin sodium acrylates/c10-30 alkyl this moisturizer contains squalane, behenyl alcohol, capric triglyceride, glycerin, sodium acrylates/c10-30 alkyl"
prod_000028,Estée Lauder DayWear Advanced Multi-Protection Anti-Oxidant Creme SPF15 N/C 50ml,Estée,moisturizer,51.44,"['ethylhexyl salicylate', 'dimethicon', 'butyloctyl salicylate', 'butylene glycol', 'butyl methoxydibenzoylmethane', 'polyester-8', 'cetyl ricinoleate', 'steareth-21', 'steareth-2', 'di-c12-15 alkyl fumarate', 'capric triglyceride', 'polysilicone-11', 'psidium guajava (guava) fruit extract', 'gentiana lutea (gentian) root extract', 'polygonum cuspidatum root extract', 'stearyl alcohol', 'hordeum vulgare extract', 'laminaria ochroleuca extract', 'rosmarinus officinalis extract', 'triticum vulgare bran extract', 'artemia extract', 'fumaria officinalis flower/leaf/stem extract', 'caffeinee', 'pentylene glycol', 'citrus limon juice extract', 'hydrolyzed opuntia ficus indica flower extract', 'vitis vinifera extract', 'hydrolyzed opuntia ficus indica flower extract', 'lauryl peg-9', 'thermus thermophillus ferment', 'behenyl alcohol', 'acrylic acid/vp crosspolymer', 'triacontanyl pvp', 'glycerin', 'c12-15', 'linoleic acid', 'cholesterol', 'squalene', 'sodium pca', '1,2-hexanediol', 'urea', 'capric triglyceride', 'dipropylene glycol', 'tocopheryl acetate', 'acrylamide/sodium', 'tetrahexyldecyl ascorbate', 'sodium hyaluronate', 'ergothioneine', 'isohexadecane', 'ppg-15 stearyl ether', 'glycyrrhetinic acid', 'trehalose', 'polyquaternium-51', 'polysorbate 80', 'lecithin', 'hydrogenated lecithin', 'fumaric acid', 'palmitoyl hydroxypropyltrimonium amylopectin/glycerin crosspolymer', 'caprylyl glycol', 'cyclodextrin', 'sodium hydroxide', 'nordihydroguaiaretic acid', 'sodium chloride', 'ascorbyl tocopheryl maleate', 'parfum', 'citric acid', 'ethylbisiminomethylguaiacol manganese chloride', 'pentaerythrityl tetra-di-t-butyl hydroxyhydrocinnamate', 'disodium edta', 'bht', 'sodium dehydroacetate', 'phenoxyethanol', 'ci 42090', 'ci 19140', 'ci 77289']","['ethylhexyl salicylate', 'dimethicon', 'butyloctyl salicylate', 'butylene glycol', 'butyl methoxydibenzoylmethane', 'polyester', 'cetyl ricinoleate', 'steareth', 'di-c12-15 alkyl fumarate', 'capric triglyceride', 'polysilicone', 'psidium guajava  fruit extract', 'gentiana lutea  root extract', 'polygonum cuspidatum root extract', 'stearyl alcohol', 'hordeum vulgare extract', 'laminaria ochroleuca extract', 'rosmarinus officinalis extract', 'triticum vulgare bran extract', 'artemia extract', 'fumaria officinalis flower/leaf/stem extract', 'caffeinee', 'pentylene glycol', 'citrus limon juice extract', 'hydrolyzed opuntia ficus indica flower extract', 'vitis vinifera extract', 'lauryl peg', 'thermus thermophillus ferment', 'behenyl alcohol', 'acrylic acid/vp crosspolymer', 'triacontanyl pvp', 'glycerin', 'c', 'linoleic acid', 'cholesterol', 'squalane', 'sodium pca', ',2-hexanediol', 'urea', 'dipropylene glycol', 'vitamin e', 'acrylamide/sodium', 'vitamin c', 'hyaluronic acid', 'ergothioneine', 'isohexadecane', 'ppg-15 stearyl ether', 'glycyrrhetinic acid', 'trehalose', 'polyquaternium', 'polysorbate', 'lecithin', 'hydrogenated lecithin', 'fumaric acid', 'palmitoyl hydroxypropyltrimonium amylopectin/glycerin crosspolymer', 'caprylyl glycol', 'cyclodextrin', 'sodium hydroxide', 'nordihydroguaiaretic acid', 'sodium chloride', 'ascorbyl tocopheryl maleate', 'fragrance', 'citric acid', 'ethylbisiminomethylguaiacol manganese chloride', 'pentaerythrityl tetra-di-t-butyl hydroxyhydrocinnamate', 'disodium edta', 'bht', 'sodium dehydroacetate', 'phenoxyethanol', 'ci']",kaggle,"['all', 'combination', 'dry']","['pigmentation', 'hydration', 'sun_protection', 'aging']",4.5,3489,"This moisturizer contains ethylhexyl salicylate, dimethicon, butyloctyl salicylate, butylene glycol, butyl methoxydibenzoylmethane, polyester, cetyl ricinoleate, steareth, di-c12-15 alkyl fumarate, capric triglyceride","estée lauder daywear advanced multi-protection anti-oxidant creme spf15 n/c 50ml moisturizer estée all combination dry pigmentation hydration sun_protection aging ethylhexyl salicylate dimethicon butyloctyl salicylate butylene glycol butyl methoxydibenzoylmethane polyester cetyl ricinoleate steareth di-c12-15 alkyl fumarate capric triglyceride polysilicone psidium guajava  fruit extract gentiana lutea  root extract polygonum cuspidatum root extract stearyl alcohol hordeum vulgare extract laminaria ochroleuca extract rosmarinus officinalis extract triticum vulgare bran extract artemia extract fumaria officinalis flower/leaf/stem extract caffeinee pentylene glycol citrus limon juice extract hydrolyzed opuntia ficus indica flower extract vitis vinifera extract lauryl peg thermus thermophillus ferment behenyl alcohol acrylic acid/vp crosspolymer triacontanyl pvp glycerin c linoleic acid cholesterol squalane sodium pca ,2-hexanediol urea dipropylene glycol vitamin e acrylamide/sodium vitamin c hyaluronic acid ergothioneine isohexadecane ppg-15 stearyl ether glycyrrhetinic acid trehalose polyquaternium polysorbate lecithin hydrogenated lecithin fumaric acid palmitoyl hydroxypropyltrimonium amylopectin/glycerin crosspolymer caprylyl glycol cyclodextrin sodium hydroxide nordihydroguaiaretic acid sodium chloride ascorbyl tocopheryl maleate fragrance citric acid ethylbisiminomethylguaiacol manganese chloride pentaerythrityl tetra-di-t-butyl hydroxyhydrocinnamate disodium edta bht sodium dehydroacetate phenoxyethanol ci this moisturizer contains ethylhexyl salicylate, dimethicon, butyloctyl salicylate, butylene glycol, butyl methoxydibenzoylmethane, polyester, cetyl ricinoleate, steareth, di-c12-15 alkyl fumarate, capric triglyceride"
prod_000029,Embryolisse Lait-Crème Concentré (30ml),Embryolisse,moisturizer,16.51,"['paraffinum liquidum', 'stearic acid', 'glyceryl stearate', 'triethanolamine', 'cera alba', 'cetyl palmitate', 'butyrospermum parkii', 'steareth-10', 'polyacrylamide c13-14 isoparaffin', 'laureth-7', 'propylene glycol', 'hydrolyzed soy protein', 'aloe barbadenis extract', '1,2-hexanediol', 'caprylyl glycol', 'tropolone', 'parfum']","['mineral oil', 'stearic acid', 'glyceryl stearate', 'triethanolamine', 'cera alba', 'cetyl palmitate', 'shea butter', 'steareth', 'polyacrylamide c13-14 isoparaffin', 'laureth', 'propylene glycol', 'hydrolyzed soy protein', 'aloe barbadenis extract', ',2-hexanediol', 'caprylyl glycol', 'tropolone', 'fragrance']",kaggle,"['all', 'dry']",['hydration'],4.4,264,"This moisturizer contains mineral oil, stearic acid, glyceryl stearate, triethanolamine, cera alba, cetyl palmitate, shea butter, steareth, polyacrylamide c13-14 isoparaffin, laureth","embryolisse lait-crème concentré (30ml) moisturizer embryolisse all dry hydration mineral oil stearic acid glyceryl stearate triethanolamine cera alba cetyl palmitate shea butter steareth polyacrylamide c13-14 isoparaffin laureth propylene glycol hydrolyzed soy protein aloe barbadenis extract ,2-hexanediol caprylyl glycol tropolone fragrance this moisturizer contains mineral oil, stearic acid, glyceryl stearate, triethanolamine, cera alba, cetyl palmitate, shea butter, steareth, polyacrylamide c13-14 isoparaffin, laureth"
prod_000030,The Chemistry Brand Intense Youth Complex Hand Cream 100ml,The,moisturizer,24.12,"['propanediol', 'capric triglyceride', 'cetearyl alcohol', 'cetearyl glucoside', 'cyclopentasiloxane', 'cetyl alcohol', 'glycerin', 'tremella fuciformis extract', 'cellulose', 'pseudoalteromonas extract', 'calendula officinalis extract', 'alanine', 'proline', 'serine', 'tocopherol', 'glycine soja extract', 'dimethicon/vinyl dimethicon crosspolymer', 'sodium polyacrylate', 'menthol', 'betaine', 'xanthan gum', 'caprylyl glycol', 'potassium sorbate', 'acrylates/c12-22 alkyl methacrylate copolymer', 'ethyl menthane carboxamide', 'hydroxypropylcellulose', 'menthyl lactate', 'propylene glycol', 'methyl diisopropyl propionamide', 'ethylhexyl glycerin', 'sodium phosphate', 'sodium hydroxide', 'chlorphenesin phenoxyethanol', 'parfum', 'citral', 'coumarin', 'geraniol', 'limonene', 'linalool']","['propanediol', 'capric triglyceride', 'cetearyl alcohol', 'cetearyl glucoside', 'cyclopentasiloxane', 'cetyl alcohol', 'glycerin', 'tremella fuciformis extract', 'cellulose', 'pseudoalteromonas extract', 'calendula officinalis extract', 'alanine', 'proline', 'serine', 'vitamin e', 'glycine soja extract', 'dimethicon/vinyl dimethicon crosspolymer', 'sodium polyacrylate', 'menthol', 'betaine', 'xanthan gum', 'caprylyl glycol', 'potassium sorbate', 'acrylates/c12-22 alkyl methacrylate copolymer', 'ethyl menthane carboxamide', 'hydroxypropylcellulose', 'menthyl lactate', 'propylene glycol', 'methyl diisopropyl propionamide', 'ethylhexyl glycerin', 'sodium phosphate', 'sodium hydroxide', 'chlorphenesin phenoxyethanol', 'fragrance', 'citral', 'coumarin', 'geraniol', 'limonene', 'linalool']",kaggle,"['sensitive', 'all', 'combination', 'dry']","['sensitivity', 'texture', 'hydration']",4.2,100,"This moisturizer contains propanediol, capric triglyceride, cetearyl alcohol, cetearyl glucoside, cyclopentasiloxane, cetyl alcohol, glycerin, tremella fuciformis extract, cellulose, pseudoalteromonas extract","the chemistry brand intense youth complex hand cream 100ml moisturizer the sensitive all combination dry sensitivity texture hydration propanediol capric triglyceride cetearyl alcohol cetearyl glucoside cyclopentasiloxane cetyl alcohol glycerin tremella fuciformis extract cellulose pseudoalteromonas extract calendula officinalis extract alanine proline serine vitamin e glycine soja extract dimethicon/vinyl dimethicon crosspolymer sodium polyacrylate menthol betaine xanthan gum caprylyl glycol potassium sorbate acrylates/c12-22 alkyl methacrylate copolymer ethyl menthane carboxamide hydroxypropylcellulose menthyl lactate propylene glycol methyl diisopropyl propionamide ethylhexyl glycerin sodium phosphate sodium hydroxide chlorphenesin phenoxyethanol fragrance citral coumarin geraniol limonene linalool this moisturizer contains propanediol, capric triglyceride, cetearyl alcohol, cetearyl glucoside, cyclopentasiloxane, cetyl alcohol, glycerin, tremella fuciformis extract, cellulose, pseudoalteromonas extract"
prod_000031,Avène Tolérance Extrême Cream 50ml,Avène,moisturizer,19.05,"['capric triglyceride', 'glycerin', 'butyrospermum parkii', 'carthamus tinctorius extract', 'behenyl alcohol', 'sodium acrylates/c10-30 alkyl']","['capric triglyceride', 'glycerin', 'shea butter', 'carthamus tinctorius extract', 'behenyl alcohol', 'sodium acrylates/c10-30 alkyl']",kaggle,"['all', 'combination', 'dry']",['hydration'],4.2,100,"This moisturizer contains capric triglyceride, glycerin, shea butter, carthamus tinctorius extract, behenyl alcohol, sodium acrylates/c10-30 alkyl","avène tolérance extrême cream 50ml moisturizer avène all combination dry hydration capric triglyceride glycerin shea butter carthamus tinctorius extract behenyl alcohol sodium acrylates/c10-30 alkyl this moisturizer contains capric triglyceride, glycerin, shea butter, carthamus tinctorius extract, behenyl alcohol, sodium acrylates/c10-30 alkyl"
prod_000032,La Roche-Posay Toleriane Ultra Overnight Moisturiser 40ml,La Roche-Posay,moisturizer,24.13,"['glycerin', 'squalene', 'propanediol', 'butylene glycol', 'butyrospermum parkii', 'pentylene glycol', 'niacinamide', 'dimethicon', 'ammonium polyacryloyldmethyl taurate', 'polymethylsilsesquioxane', 'polysorbate-20', 'allantoin', 'glyceryl acrylate/acrylic acid copolymer', 'dimethiconol', 'aluminum starch octenylsuccinate', 'carnosine', 'disodium edta', 'citric acid', 'acetyl dipeptide-1 cetyl', 'xanthan gum', 't-butyl alcohol', 'toluene sulfonic acid', 'tocopherol']","['glycerin', 'squalane', 'propanediol', 'butylene glycol', 'shea butter', 'pentylene glycol', 'niacinamide', 'dimethicon', 'ammonium polyacryloyldmethyl taurate', 'polymethylsilsesquioxane', 'polysorbate', 'allantoin', 'glyceryl acrylate/acrylic acid copolymer', 'dimethiconol', 'aluminum starch octenylsuccinate', 'carnosine', 'disodium edta', 'citric acid', 'acetyl dipeptide-1 cetyl', 'xanthan gum', 't-butyl alcohol', 'toluene sulfonic acid', 'vitamin e']",kaggle,"['all', 'combination', 'oily', 'dry', 'sensitive']","['pigmentation', 'hydration', 'sensitivity', 'aging', 'acne']",4.3,791,"This moisturizer contains glycerin, squalane, propanediol, butylene glycol, shea butter, pentylene glycol, niacinamide, dimethicon, ammonium polyacryloyldmethyl taurate, polymethylsilsesquioxane","la roche-posay toleriane ultra overnight moisturiser 40ml moisturizer la roche-posay all combination oily dry sensitive pigmentation hydration sensitivity aging acne glycerin squalane propanediol butylene glycol shea butter pentylene glycol niacinamide dimethicon ammonium polyacryloyldmethyl taurate polymethylsilsesquioxane polysorbate allantoin glyceryl acrylate/acrylic acid copolymer dimethiconol aluminum starch octenylsuccinate carnosine disodium edta citric acid acetyl dipeptide-1 cetyl xanthan gum t-butyl alcohol toluene sulfonic acid vitamin e this moisturizer contains glycerin, squalane, propanediol, butylene glycol, shea butter, pentylene glycol, niacinamide, dimethicon, ammonium polyacryloyldmethyl taurate, polymethylsilsesquioxane"
prod_000033,First Aid Beauty Hello FAB Coconut Water Cream,First Aid Beauty,moisturizer,38.1,"['cocos nucifera fruit extract', 'glucose', 'maltodextrin', 'dimethicon', 'cyclopentasiloxane', 'sodium acrylate/sodium acryloyldimethyl taurate copolymer', 'cocos nucifera fruit extract', 'alteromonas extract', 'pyrus malus flower extract', 'prunus armeniaca fruit extract', 'vanilla planifolia extract', 'sodium hyaluronate', 'maris sal', 'lycium barbarum extract', 'glycyrrhiza glabra root extract', 'chrysanthemum parthenium (feverfew) extract', 'camellia sinensis extract', 'dipteryx odorata bean extract', 'coffea arabica seed extract', 'caprylyl glycol', 'capric triglyceride', 'butylene glycol', 'hydrogenated polydecene', 'dimethicon cross-polymer', 'dipropylene glycol', 'cetyl dimethicon', 'phenoxyethanol', 'laureth-8']","['cocos nucifera fruit extract', 'glucose', 'maltodextrin', 'dimethicon', 'cyclopentasiloxane', 'sodium acrylate/sodium acryloyldimethyl taurate copolymer', 'alteromonas extract', 'pyrus malus flower extract', 'prunus armeniaca fruit extract', 'vanilla planifolia extract', 'hyaluronic acid', 'maris sal', 'lycium barbarum extract', 'glycyrrhiza glabra root extract', 'chrysanthemum parthenium  extract', 'camellia sinensis extract', 'dipteryx odorata bean extract', 'coffea arabica seed extract', 'caprylyl glycol', 'capric triglyceride', 'butylene glycol', 'hydrogenated polydecene', 'dimethicon cross-polymer', 'dipropylene glycol', 'cetyl dimethicon', 'phenoxyethanol', 'laureth']",kaggle,"['all', 'combination', 'dry']",['hydration'],4.3,791,"This moisturizer contains cocos nucifera fruit extract, glucose, maltodextrin, dimethicon, cyclopentasiloxane, sodium acrylate/sodium acryloyldimethyl taurate copolymer, alteromonas extract, pyrus malus flower extract, prunus armeniaca fruit extract, vanilla planifolia extract","first aid beauty hello fab coconut water cream moisturizer first aid beauty all combination dry hydration cocos nucifera fruit extract glucose maltodextrin dimethicon cyclopentasiloxane sodium acrylate/sodium acryloyldimethyl taurate copolymer alteromonas extract pyrus malus flower extract prunus armeniaca fruit extract vanilla planifolia extract hyaluronic acid maris sal lycium barbarum extract glycyrrhiza glabra root extract chrysanthemum parthenium  extract camellia sinensis extract dipteryx odorata bean extract coffea arabica seed extract caprylyl glycol capric triglyceride butylene glycol hydrogenated polydecene dimethicon cross-polymer dipropylene glycol cetyl dimethicon phenoxyethanol laureth this moisturizer contains cocos nucifera fruit extract, glucose, maltodextrin, dimethicon, cyclopentasiloxane, sodium acrylate/sodium acryloyldimethyl taurate copolymer, alteromonas extract, pyrus malus flower extract, prunus armeniaca fruit extract, vanilla planifolia extract"
prod_000034,Elemis Pro-Collagen Marine Cream SPF30 50ml,Elemis,moisturizer,110.49,"['glycerin', 'capric triglyceride', 'glyceryl stearate se', 'isononyl isononanoate', 'dicaprylyl carbonate', 'dimethicon', 'butyl methoxydibenzoylmethane', 'ethylhexyl methoxycinnamate', 'phenoxyethanol', 'polyacrylate-13', 'butylene glycol', 'cetyl alcohol', 'hydroxyacetophenone', 'octocrylene', 'stearic acid', 'tocopheryl acetate', 'coco-caprylate', 'xanthan gum', 'chlorphenesin', 'polyisobutene', 'parfum', 'disodium edta', 'lecithin', 'tocopherol', 'butyrospermum parkii', 'citric acid', 'daucus carota sativa extract', 'triticum vulgare bran extract', 'chlorella vulgaris extract', 'glyceryl polyacrylate', 'benzyl benzoate', 'glyceryl acrylate/acrylic acid copolymer', 'padina pavonica extract', 'sodium dehydroacetate', 'polysorbate-20', 'sorbitan isostearate', 'ginkgo biloba extract', 'porphyridium cruentum extract', 'dipropylene glycol', 'citronellol', 'geraniol', 'hydroxycitronellal', 'citrus limon juice extract', 'limonene', 'potassium sorbate', 'sodium benzoate', 'citrus aurantium amara flower water']","['glycerin', 'capric triglyceride', 'glyceryl stearate se', 'isononyl isononanoate', 'dicaprylyl carbonate', 'dimethicon', 'butyl methoxydibenzoylmethane', 'ethylhexyl methoxycinnamate', 'phenoxyethanol', 'polyacrylate', 'butylene glycol', 'cetyl alcohol', 'hydroxyacetophenone', 'octocrylene', 'stearic acid', 'vitamin e', 'coco-caprylate', 'xanthan gum', 'chlorphenesin', 'polyisobutene', 'fragrance', 'disodium edta', 'lecithin', 'shea butter', 'citric acid', 'daucus carota sativa extract', 'triticum vulgare bran extract', 'chlorella vulgaris extract', 'glyceryl polyacrylate', 'benzyl benzoate', 'glyceryl acrylate/acrylic acid copolymer', 'padina pavonica extract', 'sodium dehydroacetate', 'polysorbate', 'sorbitan isostearate', 'ginkgo biloba extract', 'porphyridium cruentum extract', 'dipropylene glycol', 'citronellol', 'geraniol', 'hydroxycitronellal', 'citrus limon juice extract', 'limonene', 'potassium sorbate', 'sodium benzoate', 'citrus aurantium amara flower water']",kaggle,"['all', 'combination', 'dry']","['hydration', 'sun_protection', 'sensitivity']",4.3,791,"This moisturizer contains glycerin, capric triglyceride, glyceryl stearate se, isononyl isononanoate, dicaprylyl carbonate, dimethicon, butyl methoxydibenzoylmethane, ethylhexyl methoxycinnamate, phenoxyethanol, polyacrylate","elemis pro-collagen marine cream spf30 50ml moisturizer elemis all combination dry hydration sun_protection sensitivity glycerin capric triglyceride glyceryl stearate se isononyl isononanoate dicaprylyl carbonate dimethicon butyl methoxydibenzoylmethane ethylhexyl methoxycinnamate phenoxyethanol polyacrylate butylene glycol cetyl alcohol hydroxyacetophenone octocrylene stearic acid vitamin e coco-caprylate xanthan gum chlorphenesin polyisobutene fragrance disodium edta lecithin shea butter citric acid daucus carota sativa extract triticum vulgare bran extract chlorella vulgaris extract glyceryl polyacrylate benzyl benzoate glyceryl acrylate/acrylic acid copolymer padina pavonica extract sodium dehydroacetate polysorbate sorbitan isostearate ginkgo biloba extract porphyridium cruentum extract dipropylene glycol citronellol geraniol hydroxycitronellal citrus limon juice extract limonene potassium sorbate sodium benzoate citrus aurantium amara flower water this moisturizer contains glycerin, capric triglyceride, glyceryl stearate se, isononyl isononanoate, dicaprylyl carbonate, dimethicon, butyl methoxydibenzoylmethane, ethylhexyl methoxycinnamate, phenoxyethanol, polyacrylate"
prod_000035,Avène Aqua Gel 50ml,Avène,moisturizer,25.4,"['glycerin', 'pentylene glycol', '1,2-hexanediol', 'dimethicon', 'isocetyl stearoyl stearate', 'triethylhexanoin', 'capric triglyceride', 'betaine', 'methyl gluceth-20', 'polyglyceryl-10 myristate', 'acrylates/c10-30 alkyl', 'bht', 'bis-peg-18 methyl ether dimethyl', 'c12-20', 'c14-22', 'carbomer', 'citric acid', 'cucurbita pepo seed oil', 'parfum', 'phytosteryl', 'potassium hydroxide', 'sodium citrate', 'sodium dextran sulfate', 'sodium hyaluronate', 'squalene', 'tocopheryl glucoside']","['glycerin', 'pentylene glycol', ',2-hexanediol', 'dimethicon', 'isocetyl stearoyl stearate', 'triethylhexanoin', 'capric triglyceride', 'betaine', 'methyl gluceth', 'polyglyceryl-10 myristate', 'acrylates/c10-30 alkyl', 'bht', 'bis-peg-18 methyl ether dimethyl', 'c', 'carbomer', 'citric acid', 'cucurbita pepo seed oil', 'fragrance', 'phytosteryl', 'potassium hydroxide', 'sodium citrate', 'sodium dextran sulfate', 'hyaluronic acid', 'squalane', 'tocopheryl glucoside']",kaggle,"['all', 'combination', 'dry']",['hydration'],4.2,100,"This moisturizer contains glycerin, pentylene glycol, ,2-hexanediol, dimethicon, isocetyl stearoyl stearate, triethylhexanoin, capric triglyceride, betaine, methyl gluceth, polyglyceryl-10 myristate","avène aqua gel 50ml moisturizer avène all combination dry hydration glycerin pentylene glycol ,2-hexanediol dimethicon isocetyl stearoyl stearate triethylhexanoin capric triglyceride betaine methyl gluceth polyglyceryl-10 myristate acrylates/c10-30 alkyl bht bis-peg-18 methyl ether dimethyl c carbomer citric acid cucurbita pepo seed oil fragrance phytosteryl potassium hydroxide sodium citrate sodium dextran sulfate hyaluronic acid squalane tocopheryl glucoside this moisturizer contains glycerin, pentylene glycol, ,2-hexanediol, dimethicon, isocetyl stearoyl stearate, triethylhexanoin, capric triglyceride, betaine, methyl gluceth, polyglyceryl-10 myristate"
prod_000036,La Roche-Posay Effaclar K(+) Anti-Blackhead Moisturiser 40ml,La Roche-Posay,moisturizer,21.59,"['propylene glycol', 'octyldodecanol', 'dimethicon', 'peg-100 stearate', 'glyceryl stearate', 'salicylic acid', 'ammonium polyacryloyldmethyl taurate', 'zinc pca', 'sarcosine', 'sodium hydroxide', 'silica', 'silica silylate', 'perlite', 'carnosine', 'disodium edta', 'capryloyl salicylic acid', 'xanthan gum', 'pentylene glycol', 'acrylates copolymer', 'cetyl alcohol', 'butylene glycol', 'tocopherol', 'parfum']","['propylene glycol', 'octyldodecanol', 'dimethicon', 'peg-100 stearate', 'glyceryl stearate', 'salicylic acid', 'ammonium polyacryloyldmethyl taurate', 'zinc pca', 'sarcosine', 'sodium hydroxide', 'silica', 'silica silylate', 'perlite', 'carnosine', 'disodium edta', 'capryloyl salicylic acid', 'xanthan gum', 'pentylene glycol', 'acrylates copolymer', 'cetyl alcohol', 'butylene glycol', 'vitamin e', 'fragrance']",kaggle,"['all', 'oily']","['texture', 'hydration', 'acne']",4.0,1559,"This moisturizer contains propylene glycol, octyldodecanol, dimethicon, peg-100 stearate, glyceryl stearate, salicylic acid, ammonium polyacryloyldmethyl taurate, zinc pca, sarcosine, sodium hydroxide","la roche-posay effaclar k(+) anti-blackhead moisturiser 40ml moisturizer la roche-posay all oily texture hydration acne propylene glycol octyldodecanol dimethicon peg-100 stearate glyceryl stearate salicylic acid ammonium polyacryloyldmethyl taurate zinc pca sarcosine sodium hydroxide silica silica silylate perlite carnosine disodium edta capryloyl salicylic acid xanthan gum pentylene glycol acrylates copolymer cetyl alcohol butylene glycol vitamin e fragrance this moisturizer contains propylene glycol, octyldodecanol, dimethicon, peg-100 stearate, glyceryl stearate, salicylic acid, ammonium polyacryloyldmethyl taurate, zinc pca, sarcosine, sodium hydroxide"
prod_000037,The INKEY List Snow Mushroom,The Inkey List,moisturizer,12.69,"['butylene glycol', 'glycerin', 'sodium acrylates copolymer', 'phenoxyethanol', 'sodium caproyl prolinate', 'lecithin', 'tremella fuciformis extract', 'carbomer', 'madecassoside', 'sodium hydroxide', 'ethylhexyl glycerin', 'glyceryl polyacrylate', 'trisodium ethylenediamine disuccinate']","['butylene glycol', 'glycerin', 'sodium acrylates copolymer', 'phenoxyethanol', 'sodium caproyl prolinate', 'lecithin', 'tremella fuciformis extract', 'carbomer', 'madecassoside', 'sodium hydroxide', 'ethylhexyl glycerin', 'glyceryl polyacrylate', 'trisodium ethylenediamine disuccinate']",kaggle,"['all', 'combination', 'dry']",['hydration'],4.3,791,"This moisturizer contains butylene glycol, glycerin, sodium acrylates copolymer, phenoxyethanol, sodium caproyl prolinate, lecithin, tremella fuciformis extract, carbomer, madecassoside, sodium hydroxide","the inkey list snow mushroom moisturizer the inkey list all combination dry hydration butylene glycol glycerin sodium acrylates copolymer phenoxyethanol sodium caproyl prolinate lecithin tremella fuciformis extract carbomer madecassoside sodium hydroxide ethylhexyl glycerin glyceryl polyacrylate trisodium ethylenediamine disuccinate this moisturizer contains butylene glycol, glycerin, sodium acrylates copolymer, phenoxyethanol, sodium caproyl prolinate, lecithin, tremella fuciformis extract, carbomer, madecassoside, sodium hydroxide"
prod_000038,Weleda Skin Food (30ml),Weleda,moisturizer,10.1,"['helianthus annuus seed oil', 'lanolin', 'prunus amygdalus dulcis', 'cera alba', 'alcohol', 'polyglyceryl-3 polyricinoleate', 'glycerin', 'limonene', 'viola tricolor extract', 'parfum', 'hydrolyzed cera alba', 'sobitan olivate', 'rosmarinus officinalis extract', 'chamomilla recutita flower oil', 'calendula officinalis extract', 'arganine', 'zinc sulfate', 'linalool', 'geraniol', 'citral', 'coumarin']","['helianthus annuus seed oil', 'lanolin', 'prunus amygdalus dulcis', 'cera alba', 'alcohol', 'polyglyceryl-3 polyricinoleate', 'glycerin', 'limonene', 'viola tricolor extract', 'fragrance', 'hydrolyzed cera alba', 'sobitan olivate', 'rosmarinus officinalis extract', 'chamomilla recutita flower oil', 'calendula officinalis extract', 'arganine', 'zinc sulfate', 'linalool', 'geraniol', 'citral', 'coumarin']",kaggle,"['all', 'combination', 'oily', 'dry', 'sensitive']","['sensitivity', 'hydration', 'acne']",4.7,540,"This moisturizer contains helianthus annuus seed oil, lanolin, prunus amygdalus dulcis, cera alba, alcohol, polyglyceryl-3 polyricinoleate, glycerin, limonene, viola tricolor extract, fragrance","weleda skin food (30ml) moisturizer weleda all combination oily dry sensitive sensitivity hydration acne helianthus annuus seed oil lanolin prunus amygdalus dulcis cera alba alcohol polyglyceryl-3 polyricinoleate glycerin limonene viola tricolor extract fragrance hydrolyzed cera alba sobitan olivate rosmarinus officinalis extract chamomilla recutita flower oil calendula officinalis extract arganine zinc sulfate linalool geraniol citral coumarin this moisturizer contains helianthus annuus seed oil, lanolin, prunus amygdalus dulcis, cera alba, alcohol, polyglyceryl-3 polyricinoleate, glycerin, limonene, viola tricolor extract, fragrance"
prod_000039,Egyptian Magic All Purpose Skin Cream 59ml/2oz,Egyptian,moisturizer,25.4,"['olea europaea fruit oil', 'cera alba', 'mel', 'bee pollen', 'royal jelly', 'propolis extract']","['olea europaea fruit oil', 'cera alba', 'mel', 'bee pollen', 'royal jelly', 'propolis extract']",kaggle,['all'],['hydration'],4.3,791,"This moisturizer contains olea europaea fruit oil, cera alba, mel, bee pollen, royal jelly, propolis extract","egyptian magic all purpose skin cream 59ml/2oz moisturizer egyptian all hydration olea europaea fruit oil cera alba mel bee pollen royal jelly propolis extract this moisturizer contains olea europaea fruit oil, cera alba, mel, bee pollen, royal jelly, propolis extract"
prod_000040,La Roche-Posay Nutritic Intense Rich 50ml,La Roche-Posay,moisturizer,22.86,"['glycerin', 'cetearyl alcohol', 'capric triglyceride', 'glyceryl stearate', 'alcohol denat', 'ethylhexyl palmitate', 'dimethicon', 'butyrospermum parkii', 'myristyl myristate', 'niacinamide', 'peg-100 stearate', 'glycine soja extract', 'sodium polyacrylate', 'myristyl malate phosphonic acid', 'disodium edta', 'caprylyl glycol', 'citric acid', 'tocopherol', 'pentaerythrityl tetra-di-t-butyl hydroxyhydrocinnamate', 'phenoxyethanol', 'parfum']","['glycerin', 'cetearyl alcohol', 'capric triglyceride', 'glyceryl stearate', 'alcohol denat', 'ethylhexyl palmitate', 'dimethicon', 'shea butter', 'myristyl myristate', 'niacinamide', 'peg-100 stearate', 'glycine soja extract', 'sodium polyacrylate', 'myristyl malate phosphonic acid', 'disodium edta', 'caprylyl glycol', 'citric acid', 'vitamin e', 'pentaerythrityl tetra-di-t-butyl hydroxyhydrocinnamate', 'phenoxyethanol', 'fragrance']",kaggle,"['oily', 'all', 'combination', 'dry']","['pigmentation', 'hydration', 'aging', 'acne']",4.3,791,"This moisturizer contains glycerin, cetearyl alcohol, capric triglyceride, glyceryl stearate, alcohol denat, ethylhexyl palmitate, dimethicon, shea butter, myristyl myristate, niacinamide","la roche-posay nutritic intense rich 50ml moisturizer la roche-posay oily all combination dry pigmentation hydration aging acne glycerin cetearyl alcohol capric triglyceride glyceryl stearate alcohol denat ethylhexyl palmitate dimethicon shea butter myristyl myristate niacinamide peg-100 stearate glycine soja extract sodium polyacrylate myristyl malate phosphonic acid disodium edta caprylyl glycol citric acid vitamin e pentaerythrityl tetra-di-t-butyl hydroxyhydrocinnamate phenoxyethanol fragrance this moisturizer contains glycerin, cetearyl alcohol, capric triglyceride, glyceryl stearate, alcohol denat, ethylhexyl palmitate, dimethicon, shea butter, myristyl myristate, niacinamide"
prod_000041,Origins GinZing™ Energy-Boosting Tinted Moisturiser SPF40 50ml,Origins,moisturizer,40.64,"['ethylhexyl methoxycinnamate', 'butylene glycol', 'titanium dioxide', 'cetyl alcohol', 'zinc oxide', 'neopentyl glycol diheptanoate', 'c12-15', 'dimethicon', 'laureth-4', 'octocrylene', 'ethylhexyl salicylate', 'polyethylene', 'peg-100 stearate', 'hydrogenated lecithin', 'citrus limon juice extract', 'citrus grandis', 'mentha viridis extract', 'citrus aurantium dulcis', 'limonene', 'linalool', 'citral', 'garcinia mangostana fruit extract', 'panax ginseng root extract', 'citrus aurantium amara flower water', 'castanea sativa seed extract', 'psidium guajava (guava) fruit extract', 'citrus aurantium amara flower water', 'luminaria', 'saccharina extract', 'triticum vulgare bran extract', 'adenosine phosphate', 'pantethine', 'creatine', 'hordeum vulgare extract', 'folic acid', 'tourmaline', 'cordyceps sinensis extract', 'ethylhexyl glycerin', 'acetyl carnitine', 'caffeinee', 'rhodochrosite', 'sodium hyaluronate', 'isopropyl myristate', 'hydroxyethyl acrylate/sodium acryloyldimethyl taurate', 'trehalose', 'cera alba', 'pvp/hexadecane copolymer', 'squalene', 'caprylyl glycol', 'tocopheryl acetate', 'faex extract', 'isostearic acid', 'polymethyl methacrylate', 'dimethicon', 'silylate', 'polyhydroxystearic acid', 'magnesium ascorbyl phosphate', 'nylon 12', 'xanthan gum', 'hexylene', 'glycol', 'polysorbate 60', 'silica', 'bht', 'phenoxyethanol', 'ci 77491', 'ci 77492', 'ci 77499', 'titanium dioxide']","['ethylhexyl methoxycinnamate', 'butylene glycol', 'titanium dioxide', 'cetyl alcohol', 'zinc oxide', 'neopentyl glycol diheptanoate', 'c', 'dimethicon', 'laureth', 'octocrylene', 'ethylhexyl salicylate', 'polyethylene', 'peg-100 stearate', 'hydrogenated lecithin', 'citrus limon juice extract', 'citrus grandis', 'mentha viridis extract', 'citrus aurantium dulcis', 'limonene', 'linalool', 'citral', 'garcinia mangostana fruit extract', 'panax ginseng root extract', 'citrus aurantium amara flower water', 'castanea sativa seed extract', 'psidium guajava  fruit extract', 'luminaria', 'saccharina extract', 'triticum vulgare bran extract', 'adenosine phosphate', 'pantethine', 'creatine', 'hordeum vulgare extract', 'folic acid', 'tourmaline', 'cordyceps sinensis extract', 'ethylhexyl glycerin', 'acetyl carnitine', 'caffeinee', 'rhodochrosite', 'hyaluronic acid', 'isopropyl myristate', 'hydroxyethyl acrylate/sodium acryloyldimethyl taurate', 'trehalose', 'cera alba', 'pvp/hexadecane copolymer', 'squalane', 'caprylyl glycol', 'vitamin e', 'faex extract', 'isostearic acid', 'polymethyl methacrylate', 'silylate', 'polyhydroxystearic acid', 'vitamin c', 'nylon', 'xanthan gum', 'hexylene', 'glycol', 'polysorbate', 'silica', 'bht', 'phenoxyethanol', 'ci']",kaggle,"['oily', 'all', 'combination', 'dry']","['pigmentation', 'texture', 'acne', 'hydration', 'sun_protection', 'sensitivity', 'aging']",4.4,264,"This moisturizer contains ethylhexyl methoxycinnamate, butylene glycol, titanium dioxide, cetyl alcohol, zinc oxide, neopentyl glycol diheptanoate, c, dimethicon, laureth, octocrylene","origins ginzing™ energy-boosting tinted moisturiser spf40 50ml moisturizer origins oily all combination dry pigmentation texture acne hydration sun_protection sensitivity aging ethylhexyl methoxycinnamate butylene glycol titanium dioxide cetyl alcohol zinc oxide neopentyl glycol diheptanoate c dimethicon laureth octocrylene ethylhexyl salicylate polyethylene peg-100 stearate hydrogenated lecithin citrus limon juice extract citrus grandis mentha viridis extract citrus aurantium dulcis limonene linalool citral garcinia mangostana fruit extract panax ginseng root extract citrus aurantium amara flower water castanea sativa seed extract psidium guajava  fruit extract luminaria saccharina extract triticum vulgare bran extract adenosine phosphate pantethine creatine hordeum vulgare extract folic acid tourmaline cordyceps sinensis extract ethylhexyl glycerin acetyl carnitine caffeinee rhodochrosite hyaluronic acid isopropyl myristate hydroxyethyl acrylate/sodium acryloyldimethyl taurate trehalose cera alba pvp/hexadecane copolymer squalane caprylyl glycol vitamin e faex extract isostearic acid polymethyl methacrylate silylate polyhydroxystearic acid vitamin c nylon xanthan gum hexylene glycol polysorbate silica bht phenoxyethanol ci this moisturizer contains ethylhexyl methoxycinnamate, butylene glycol, titanium dioxide, cetyl alcohol, zinc oxide, neopentyl glycol diheptanoate, c, dimethicon, laureth, octocrylene"
prod_000042,Estée Lauder DayWear Multi-Protection Anti-Oxidant Creme SPF 15 30ml,Estée,moisturizer,32.0,"['ethylhexyl salicylate', 'dimethicon', 'butyloctyl salicylate', 'butylene glycol', 'butyl methoxydibenzoylmethane', 'polyester-8', 'cetyl ricinoleate', 'steareth-21', 'steareth-2', 'di-c12-15 alkyl fumarate', 'capric triglyceride', 'polysilicone-11', 'psidium guajava (guava) fruit extract', 'gentiana lutea (gentian) root extract', 'polygonum cuspidatum root extract', 'stearyl alcohol', 'hordeum vulgare extract', 'laminaria ochroleuca extract', 'rosmarinus officinalis extract', 'triticum vulgare bran extract', 'artemia extract', 'fumaria officinalis flower/leaf/stem extract', 'caffeinee', 'pentylene glycol', 'citrus limon juice extract', 'hydrolyzed opuntia ficus indica flower extract', 'vitis vinifera extract', 'hydrolyzed opuntia ficus indica flower extract', 'lauryl peg-9', 'thermus thermophillus ferment', 'behenyl alcohol', 'acrylic acid/vp crosspolymer', 'triacontanyl pvp', 'glycerin', 'c12-15', 'linoleic acid', 'cholesterol', 'squalene', 'sodium pca', '1,2-hexanediol', 'urea', 'capric triglyceride', 'dipropylene glycol', 'tocopheryl acetate', 'acrylamide/sodium', 'tetrahexyldecyl ascorbate', 'sodium hyaluronate', 'ergothioneine', 'isohexadecane', 'ppg-15 stearyl ether', 'glycyrrhetinic acid', 'trehalose', 'polyquaternium-51', 'polysorbate 80', 'lecithin', 'hydrogenated lecithin', 'fumaric acid', 'palmitoyl hydroxypropyltrimonium amylopectin/glycerin crosspolymer', 'caprylyl glycol', 'cyclodextrin', 'sodium hydroxide', 'nordihydroguaiaretic acid', 'sodium chloride', 'ascorbyl tocopheryl maleate', 'parfum', 'citric acid', 'ethylbisiminomethylguaiacol manganese chloride', 'pentaerythrityl tetra-di-t-butyl hydroxyhydrocinnamate', 'disodium edta', 'bht', 'sodium dehydroacetate', 'phenoxyethanol', 'ci 42090', 'ci 19140', 'ci 77289']","['ethylhexyl salicylate', 'dimethicon', 'butyloctyl salicylate', 'butylene glycol', 'butyl methoxydibenzoylmethane', 'polyester', 'cetyl ricinoleate', 'steareth', 'di-c12-15 alkyl fumarate', 'capric triglyceride', 'polysilicone', 'psidium guajava  fruit extract', 'gentiana lutea  root extract', 'polygonum cuspidatum root extract', 'stearyl alcohol', 'hordeum vulgare extract', 'laminaria ochroleuca extract', 'rosmarinus officinalis extract', 'triticum vulgare bran extract', 'artemia extract', 'fumaria officinalis flower/leaf/stem extract', 'caffeinee', 'pentylene glycol', 'citrus limon juice extract', 'hydrolyzed opuntia ficus indica flower extract', 'vitis vinifera extract', 'lauryl peg', 'thermus thermophillus ferment', 'behenyl alcohol', 'acrylic acid/vp crosspolymer', 'triacontanyl pvp', 'glycerin', 'c', 'linoleic acid', 'cholesterol', 'squalane', 'sodium pca', ',2-hexanediol', 'urea', 'dipropylene glycol', 'vitamin e', 'acrylamide/sodium', 'vitamin c', 'hyaluronic acid', 'ergothioneine', 'isohexadecane', 'ppg-15 stearyl ether', 'glycyrrhetinic acid', 'trehalose', 'polyquaternium', 'polysorbate', 'lecithin', 'hydrogenated lecithin', 'fumaric acid', 'palmitoyl hydroxypropyltrimonium amylopectin/glycerin crosspolymer', 'caprylyl glycol', 'cyclodextrin', 'sodium hydroxide', 'nordihydroguaiaretic acid', 'sodium chloride', 'ascorbyl tocopheryl maleate', 'fragrance', 'citric acid', 'ethylbisiminomethylguaiacol manganese chloride', 'pentaerythrityl tetra-di-t-butyl hydroxyhydrocinnamate', 'disodium edta', 'bht', 'sodium dehydroacetate', 'phenoxyethanol', 'ci']",kaggle,"['all', 'combination', 'dry']","['pigmentation', 'hydration', 'sun_protection', 'aging']",4.5,3489,"This moisturizer contains ethylhexyl salicylate, dimethicon, butyloctyl salicylate, butylene glycol, butyl methoxydibenzoylmethane, polyester, cetyl ricinoleate, steareth, di-c12-15 alkyl fumarate, capric triglyceride","estée lauder daywear multi-protection anti-oxidant creme spf 15 30ml moisturizer estée all combination dry pigmentation hydration sun_protection aging ethylhexyl salicylate dimethicon butyloctyl salicylate butylene glycol butyl methoxydibenzoylmethane polyester cetyl ricinoleate steareth di-c12-15 alkyl fumarate capric triglyceride polysilicone psidium guajava  fruit extract gentiana lutea  root extract polygonum cuspidatum root extract stearyl alcohol hordeum vulgare extract laminaria ochroleuca extract rosmarinus officinalis extract triticum vulgare bran extract artemia extract fumaria officinalis flower/leaf/stem extract caffeinee pentylene glycol citrus limon juice extract hydrolyzed opuntia ficus indica flower extract vitis vinifera extract lauryl peg thermus thermophillus ferment behenyl alcohol acrylic acid/vp crosspolymer triacontanyl pvp glycerin c linoleic acid cholesterol squalane sodium pca ,2-hexanediol urea dipropylene glycol vitamin e acrylamide/sodium vitamin c hyaluronic acid ergothioneine isohexadecane ppg-15 stearyl ether glycyrrhetinic acid trehalose polyquaternium polysorbate lecithin hydrogenated lecithin fumaric acid palmitoyl hydroxypropyltrimonium amylopectin/glycerin crosspolymer caprylyl glycol cyclodextrin sodium hydroxide nordihydroguaiaretic acid sodium chloride ascorbyl tocopheryl maleate fragrance citric acid ethylbisiminomethylguaiacol manganese chloride pentaerythrityl tetra-di-t-butyl hydroxyhydrocinnamate disodium edta bht sodium dehydroacetate phenoxyethanol ci this moisturizer contains ethylhexyl salicylate, dimethicon, butyloctyl salicylate, butylene glycol, butyl methoxydibenzoylmethane, polyester, cetyl ricinoleate, steareth, di-c12-15 alkyl fumarate, capric triglyceride"
prod_000043,Elizabeth Arden Eight Hour Great 8 Daily Defense Moisturizer 45ml,Elizabeth,moisturizer,45.72,"['homosalate', 'ethylhexyl salicylate', 'dipropylene glycol', 'butyl methoxydibenzoylmethane', 'glycerin', 'thermus thermophillus ferment', 'butylene glycol', 'imperata cylindrica root extract', 'enantia chlorantha bark extract', 'marrubium vulgare extract', 'acrylates/c10-30 alkyl', 'ammonium acryloyldimethyltaurate/beheneth-25 methacrylate crosspolymer', 'caprylyl glycol', 'carbomer', 'dimethylmethoxy chromanol', 'disodium edta', 'hydroxyacetophenone', 'oleanolic acid', 'clareolide', 'triethanolamine', 'parfum', 'geraniol', 'hexyl cinnamal', 'limonene', 'linalool', 'chlorphenesin']","['homosalate', 'ethylhexyl salicylate', 'dipropylene glycol', 'butyl methoxydibenzoylmethane', 'glycerin', 'thermus thermophillus ferment', 'butylene glycol', 'imperata cylindrica root extract', 'enantia chlorantha bark extract', 'marrubium vulgare extract', 'acrylates/c10-30 alkyl', 'ammonium acryloyldimethyltaurate/beheneth-25 methacrylate crosspolymer', 'caprylyl glycol', 'carbomer', 'dimethylmethoxy chromanol', 'disodium edta', 'hydroxyacetophenone', 'oleanolic acid', 'clareolide', 'triethanolamine', 'fragrance', 'geraniol', 'hexyl cinnamal', 'limonene', 'linalool', 'chlorphenesin']",kaggle,"['normal', 'combination', 'dry']","['hydration', 'sun_protection']",4.2,100,"This moisturizer contains homosalate, ethylhexyl salicylate, dipropylene glycol, butyl methoxydibenzoylmethane, glycerin, thermus thermophillus ferment, butylene glycol, imperata cylindrica root extract, enantia chlorantha bark extract, marrubium vulgare extract","elizabeth arden eight hour great 8 daily defense moisturizer 45ml moisturizer elizabeth normal combination dry hydration sun_protection homosalate ethylhexyl salicylate dipropylene glycol butyl methoxydibenzoylmethane glycerin thermus thermophillus ferment butylene glycol imperata cylindrica root extract enantia chlorantha bark extract marrubium vulgare extract acrylates/c10-30 alkyl ammonium acryloyldimethyltaurate/beheneth-25 methacrylate crosspolymer caprylyl glycol carbomer dimethylmethoxy chromanol disodium edta hydroxyacetophenone oleanolic acid clareolide triethanolamine fragrance geraniol hexyl cinnamal limonene linalool chlorphenesin this moisturizer contains homosalate, ethylhexyl salicylate, dipropylene glycol, butyl methoxydibenzoylmethane, glycerin, thermus thermophillus ferment, butylene glycol, imperata cylindrica root extract, enantia chlorantha bark extract, marrubium vulgare extract"
prod_000044,Skin Doctors Sd White & Bright (50ml),Skin,moisturizer,27.93,"['butylene glycol', 'ethylhexyl', 'methoxycinnamate', 'c12-15', 'sorbitan stearate', 'dimethicon', 'hydroxyethyl acrylate/sodium acryloyldimethyl taurate', 'ceteareth 20', 'squalene', 'butyl methoxydibenzoylmethane', 'hydrogenated lecithin', 'oligopeptide-68', 'sodium oleate', 'disodium edta', 'cetyl alcohol', 'polysorbate 60', 'caprylyl glycol', 'tocopheryl acetate', 'cyclopentasiloxane', 'phenoxyethanol', 'sodium hydroxide', 'parfum', 'citronellol', 'hexyl cinnamal', 'linalool', 'butlyphenyl', 'methylpropional']","['butylene glycol', 'ethylhexyl', 'methoxycinnamate', 'c', 'sorbitan stearate', 'dimethicon', 'hydroxyethyl acrylate/sodium acryloyldimethyl taurate', 'ceteareth', 'squalane', 'butyl methoxydibenzoylmethane', 'hydrogenated lecithin', 'oligopeptide', 'sodium oleate', 'disodium edta', 'cetyl alcohol', 'polysorbate', 'caprylyl glycol', 'vitamin e', 'cyclopentasiloxane', 'phenoxyethanol', 'sodium hydroxide', 'fragrance', 'citronellol', 'hexyl cinnamal', 'linalool', 'butlyphenyl', 'methylpropional']",kaggle,"['all', 'combination', 'dry']","['aging', 'hydration']",4.7,540,"This moisturizer contains butylene glycol, ethylhexyl, methoxycinnamate, c, sorbitan stearate, dimethicon, hydroxyethyl acrylate/sodium acryloyldimethyl taurate, ceteareth, squalane, butyl methoxydibenzoylmethane","skin doctors sd white & bright (50ml) moisturizer skin all combination dry aging hydration butylene glycol ethylhexyl methoxycinnamate c sorbitan stearate dimethicon hydroxyethyl acrylate/sodium acryloyldimethyl taurate ceteareth squalane butyl methoxydibenzoylmethane hydrogenated lecithin oligopeptide sodium oleate disodium edta cetyl alcohol polysorbate caprylyl glycol vitamin e cyclopentasiloxane phenoxyethanol sodium hydroxide fragrance citronellol hexyl cinnamal linalool butlyphenyl methylpropional this moisturizer contains butylene glycol, ethylhexyl, methoxycinnamate, c, sorbitan stearate, dimethicon, hydroxyethyl acrylate/sodium acryloyldimethyl taurate, ceteareth, squalane, butyl methoxydibenzoylmethane"
prod_000045,Origins GinZing Ultra Hydrating Energy-Boosting Cream Moisturiser 50ml,Origins,moisturizer,31.75,"['glycerin', 'capric triglyceride', 'c12-20', 'simmondsia chinensis leaf extract', 'capric triglyceride', 'hydroxyethyl urea', 'cetyl alcohol', 'niacinamide', 'dimethicon', 'butylene glycol', 'sodium polyaspartate', 'ammonium acryloyldimethyltaurate/vp', 'citrus limon juice extract', 'citrus grandis', 'mentha viridis extract', 'citrus aurantium dulcis', 'limonene', 'linalool', 'citral', 'panax ginseng root extract', 'hordeum vulgare extract', 'salicylic acid', 'algae extract', 'linoleic acid', 'caffeinee', 'sucrose', 'cucumis sativus extract', 'trehalose', 'ophiopogon japonicus root extract', 'sorbitol', 'phospholipid', 'tocopheryl acetate', 'tocopherol', 'coffea arabica seed extract', 'arganine', 'sodium hyaluronate', 'butyrospermum parkii', 'helianthus annuus seed oil', 'squalene', 'ethylhexyl glycerin', 'caprylyl glycol', 'peg-100 stearate', 'glyceryl stearate', 'potassium cetyl phosphate', 'acrylates/c10-30 alkyl', 'behenyl alcohol', 'xanthan gum', 'carbomer', 'sodium hydroxide', 'disodium edta', 'chlorphenesin', 'potassium sorbate', 'phenoxyethanol']","['glycerin', 'capric triglyceride', 'c', 'simmondsia chinensis leaf extract', 'urea', 'cetyl alcohol', 'niacinamide', 'dimethicon', 'butylene glycol', 'sodium polyaspartate', 'ammonium acryloyldimethyltaurate/vp', 'citrus limon juice extract', 'citrus grandis', 'mentha viridis extract', 'citrus aurantium dulcis', 'limonene', 'linalool', 'citral', 'panax ginseng root extract', 'hordeum vulgare extract', 'salicylic acid', 'algae extract', 'linoleic acid', 'caffeinee', 'sucrose', 'cucumis sativus extract', 'trehalose', 'ophiopogon japonicus root extract', 'sorbitol', 'phospholipid', 'vitamin e', 'coffea arabica seed extract', 'arganine', 'hyaluronic acid', 'shea butter', 'helianthus annuus seed oil', 'squalane', 'ethylhexyl glycerin', 'caprylyl glycol', 'peg-100 stearate', 'glyceryl stearate', 'potassium cetyl phosphate', 'acrylates/c10-30 alkyl', 'behenyl alcohol', 'xanthan gum', 'carbomer', 'sodium hydroxide', 'disodium edta', 'chlorphenesin', 'potassium sorbate', 'phenoxyethanol']",kaggle,"['oily', 'all', 'combination', 'dry']","['pigmentation', 'texture', 'hydration', 'aging', 'acne']",4.4,264,"This moisturizer contains glycerin, capric triglyceride, c, simmondsia chinensis leaf extract, urea, cetyl alcohol, niacinamide, dimethicon, butylene glycol, sodium polyaspartate","origins ginzing ultra hydrating energy-boosting cream moisturiser 50ml moisturizer origins oily all combination dry pigmentation texture hydration aging acne glycerin capric triglyceride c simmondsia chinensis leaf extract urea cetyl alcohol niacinamide dimethicon butylene glycol sodium polyaspartate ammonium acryloyldimethyltaurate/vp citrus limon juice extract citrus grandis mentha viridis extract citrus aurantium dulcis limonene linalool citral panax ginseng root extract hordeum vulgare extract salicylic acid algae extract linoleic acid caffeinee sucrose cucumis sativus extract trehalose ophiopogon japonicus root extract sorbitol phospholipid vitamin e coffea arabica seed extract arganine hyaluronic acid shea butter helianthus annuus seed oil squalane ethylhexyl glycerin caprylyl glycol peg-100 stearate glyceryl stearate potassium cetyl phosphate acrylates/c10-30 alkyl behenyl alcohol xanthan gum carbomer sodium hydroxide disodium edta chlorphenesin potassium sorbate phenoxyethanol this moisturizer contains glycerin, capric triglyceride, c, simmondsia chinensis leaf extract, urea, cetyl alcohol, niacinamide, dimethicon, butylene glycol, sodium polyaspartate"
prod_000046,Elizabeth Arden Eight Hour Cream Skin Protectant (50ml),Elizabeth,moisturizer,35.56,"['petrolatum (568%)', 'lanolin', 'paraffinum liquidum', 'tocopherol', 'bht', 'salicylic acid', 'castor oil', 'olus oil', 'zea mays oil', 'parfum', 'citral', 'citronellol', 'geraniol', 'limonene', 'linalool', 'propylparaben', 'iron oxide']","['mineral oil', 'lanolin', 'vitamin e', 'bht', 'salicylic acid', 'castor oil', 'olus oil', 'zea mays oil', 'fragrance', 'citral', 'citronellol', 'geraniol', 'limonene', 'linalool', 'paraben', 'iron oxide']",kaggle,"['all', 'oily']","['texture', 'hydration', 'acne']",4.4,264,"This moisturizer contains mineral oil, lanolin, vitamin e, bht, salicylic acid, castor oil, olus oil, zea mays oil, fragrance, citral","elizabeth arden eight hour cream skin protectant (50ml) moisturizer elizabeth all oily texture hydration acne mineral oil lanolin vitamin e bht salicylic acid castor oil olus oil zea mays oil fragrance citral citronellol geraniol limonene linalool paraben iron oxide this moisturizer contains mineral oil, lanolin, vitamin e, bht, salicylic acid, castor oil, olus oil, zea mays oil, fragrance, citral"
prod_000047,PRAI AGELESS Throat & Decolletage Crème 50ml,Prai,moisturizer,31.74,"['glycerin', 'butyrospermum parkii', 'cyclopentasiloxane', 'isopropyl myristate', 'dimethicon', 'polysorbate-20', 'carbomer', 'aluminum starch octenylsuccinate', 'octyldodecyl stearate', 'dipalmitoyl hydroxyproline', 'cyclomethicone', 'dimethicon crosspolymer', 'sodium hyaluronate', 'squalene', 'aloe barbadenis extract', 'vitis vinifera extract', 'morus alba bark extract', 'scutellaria galericulata extract', 'saxifraga sarmentosa extract', 'zingiber cassumunar root oil', 'tocopheryl acetate', 'nylon-6', 'ethylhexyl isononanoate', 'sodium hydroxide', 'propylene glycol', 'butylene glycol', 'trisodium edta', 'potassium sorbate', 'sodium benzoate', 'phenoxyethanol', 'parfum', 'benzyl salicylate', 'hexyl cinnamal', 'butylphenyl methylpropional', 'limonene', 'alpha-isomethyl ionone', 'titanium dioxide']","['glycerin', 'shea butter', 'cyclopentasiloxane', 'isopropyl myristate', 'dimethicon', 'polysorbate', 'carbomer', 'aluminum starch octenylsuccinate', 'octyldodecyl stearate', 'dipalmitoyl hydroxyproline', 'silicone', 'dimethicon crosspolymer', 'hyaluronic acid', 'squalane', 'aloe barbadenis extract', 'vitis vinifera extract', 'morus alba bark extract', 'scutellaria galericulata extract', 'saxifraga sarmentosa extract', 'zingiber cassumunar root oil', 'vitamin e', 'nylon', 'ethylhexyl isononanoate', 'sodium hydroxide', 'propylene glycol', 'butylene glycol', 'trisodium edta', 'potassium sorbate', 'sodium benzoate', 'phenoxyethanol', 'fragrance', 'benzyl salicylate', 'hexyl cinnamal', 'butylphenyl methylpropional', 'limonene', 'alpha-isomethyl ionone', 'titanium dioxide']",kaggle,"['all', 'combination', 'dry']","['texture', 'hydration', 'sun_protection', 'sensitivity']",4.2,100,"This moisturizer contains glycerin, shea butter, cyclopentasiloxane, isopropyl myristate, dimethicon, polysorbate, carbomer, aluminum starch octenylsuccinate, octyldodecyl stearate, dipalmitoyl hydroxyproline","prai ageless throat & decolletage crème 50ml moisturizer prai all combination dry texture hydration sun_protection sensitivity glycerin shea butter cyclopentasiloxane isopropyl myristate dimethicon polysorbate carbomer aluminum starch octenylsuccinate octyldodecyl stearate dipalmitoyl hydroxyproline silicone dimethicon crosspolymer hyaluronic acid squalane aloe barbadenis extract vitis vinifera extract morus alba bark extract scutellaria galericulata extract saxifraga sarmentosa extract zingiber cassumunar root oil vitamin e nylon ethylhexyl isononanoate sodium hydroxide propylene glycol butylene glycol trisodium edta potassium sorbate sodium benzoate phenoxyethanol fragrance benzyl salicylate hexyl cinnamal butylphenyl methylpropional limonene alpha-isomethyl ionone titanium dioxide this moisturizer contains glycerin, shea butter, cyclopentasiloxane, isopropyl myristate, dimethicon, polysorbate, carbomer, aluminum starch octenylsuccinate, octyldodecyl stearate, dipalmitoyl hydroxyproline"
prod_000048,La Roche-Posay Toleriane Sensitive Fluid Moisturiser 40ml,La Roche-Posay,moisturizer,20.96,"['capric triglyceride', 'glycerin', 'propanediol', 'pentylene glycol', 'niacinamide', 'ammonium polyacryloyldmethyl taurate', 'caprylyl glycol', 'citric acid', 'xanthan gum']","['capric triglyceride', 'glycerin', 'propanediol', 'pentylene glycol', 'niacinamide', 'ammonium polyacryloyldmethyl taurate', 'caprylyl glycol', 'citric acid', 'xanthan gum']",kaggle,"['oily', 'sensitive', 'combination', 'dry']","['pigmentation', 'hydration', 'sensitivity', 'aging', 'acne']",4.0,1559,"This moisturizer contains capric triglyceride, glycerin, propanediol, pentylene glycol, niacinamide, ammonium polyacryloyldmethyl taurate, caprylyl glycol, citric acid, xanthan gum","la roche-posay toleriane sensitive fluid moisturiser 40ml moisturizer la roche-posay oily sensitive combination dry pigmentation hydration sensitivity aging acne capric triglyceride glycerin propanediol pentylene glycol niacinamide ammonium polyacryloyldmethyl taurate caprylyl glycol citric acid xanthan gum this moisturizer contains capric triglyceride, glycerin, propanediol, pentylene glycol, niacinamide, ammonium polyacryloyldmethyl taurate, caprylyl glycol, citric acid, xanthan gum"
prod_000049,La Roche-Posay Effaclar MAT+ 40ml,La Roche-Posay,moisturizer,21.59,"['cyclopentasiloxane', 'glycerin', 'isocetyl stearate', 'alcohol denat', 'dimethicon', 'dimethicon/vinyl dimethicon crosspolymer', 'acrylamide/sodium', 'methyl methacrylate crosspolymer', 'silica', 'cyclohexasiloxane', 'peg-100 stearate', 'cocamide mea', 'zinc pca', 'glyceryl stearate', 'triethanolamine', 'isohexadecane', 'sodium citrate', 'ascorbyl glucoside', 'nylon 12', 'capryloyl salicylic acid', 'tetrasodium edta', 'polysorbate 80', 'acrylates/c10-30 alkyl', 'tocopherol', 'methylparaben', 'salicylic acid', 'parfum']","['cyclopentasiloxane', 'glycerin', 'isocetyl stearate', 'alcohol denat', 'dimethicon', 'dimethicon/vinyl dimethicon crosspolymer', 'acrylamide/sodium', 'methyl methacrylate crosspolymer', 'silica', 'silicone', 'peg-100 stearate', 'cocamide mea', 'zinc pca', 'glyceryl stearate', 'triethanolamine', 'isohexadecane', 'sodium citrate', 'vitamin c', 'nylon', 'capryloyl salicylic acid', 'tetrasodium edta', 'polysorbate', 'acrylates/c10-30 alkyl', 'vitamin e', 'paraben', 'salicylic acid', 'fragrance']",kaggle,"['oily', 'all', 'combination', 'dry']","['pigmentation', 'texture', 'hydration', 'aging', 'acne']",4.6,2981,"This moisturizer contains cyclopentasiloxane, glycerin, isocetyl stearate, alcohol denat, dimethicon, dimethicon/vinyl dimethicon crosspolymer, acrylamide/sodium, methyl methacrylate crosspolymer, silica, silicone","la roche-posay effaclar mat+ 40ml moisturizer la roche-posay oily all combination dry pigmentation texture hydration aging acne cyclopentasiloxane glycerin isocetyl stearate alcohol denat dimethicon dimethicon/vinyl dimethicon crosspolymer acrylamide/sodium methyl methacrylate crosspolymer silica silicone peg-100 stearate cocamide mea zinc pca glyceryl stearate triethanolamine isohexadecane sodium citrate vitamin c nylon capryloyl salicylic acid tetrasodium edta polysorbate acrylates/c10-30 alkyl vitamin e paraben salicylic acid fragrance this moisturizer contains cyclopentasiloxane, glycerin, isocetyl stearate, alcohol denat, dimethicon, dimethicon/vinyl dimethicon crosspolymer, acrylamide/sodium, methyl methacrylate crosspolymer, silica, silicone"
prod_000050,Mama Mio The Tummy Rub Butter 120ml - Fragrance Free,Mama,moisturizer,30.48,"['aloe barbadenis extract', 'ethylhexyl palmitate', 'coconut alkanes', 'butyrospermum parkii', 'cetyl alcohol', 'glycerin', 'prunus amygdalus dulcis', 'cetearyl alcohol', 'capric triglyceride', 'sodium acrylate/sodium acryloyldimethyl taurate copolymer', 'glyceryl stearate citrate', 'myristyl myristate', 'phenoxyethanol', 'isohexadecane', 'hydroxyacetophenone', 'sodium stearoyl glutamate', 'coco-caprylate', 'polysorbate 80', 'ethylhexyl glycerin', 'tocopherol', 'argania spinosa extract', 'cocos nucifera fruit extract', 'olea europaea fruit oil', 'persea gratissima oil', 'rosa canina flower oil', 'plukenetia volubilis oil', 'sorbitan oleate', 'glyceryl caprylate', '1,2-hexanediol', 'beta-glucan', 'caprylyl glycol', 'sodium benzoate', 'citric acid', 'sodium hydroxide']","['aloe barbadenis extract', 'ethylhexyl palmitate', 'coconut alkanes', 'shea butter', 'cetyl alcohol', 'glycerin', 'prunus amygdalus dulcis', 'cetearyl alcohol', 'capric triglyceride', 'sodium acrylate/sodium acryloyldimethyl taurate copolymer', 'glyceryl stearate citrate', 'myristyl myristate', 'phenoxyethanol', 'isohexadecane', 'hydroxyacetophenone', 'sodium stearoyl glutamate', 'coco-caprylate', 'polysorbate', 'ethylhexyl glycerin', 'vitamin e', 'argania spinosa extract', 'cocos nucifera fruit extract', 'olea europaea fruit oil', 'persea gratissima oil', 'rosa canina flower oil', 'plukenetia volubilis oil', 'sorbitan oleate', 'glyceryl caprylate', ',2-hexanediol', 'beta-glucan', 'caprylyl glycol', 'sodium benzoate', 'citric acid', 'sodium hydroxide']",kaggle,"['all', 'combination', 'dry']","['sensitivity', 'hydration']",4.6,2981,"This moisturizer contains aloe barbadenis extract, ethylhexyl palmitate, coconut alkanes, shea butter, cetyl alcohol, glycerin, prunus amygdalus dulcis, cetearyl alcohol, capric triglyceride, sodium acrylate/sodium acryloyldimethyl taurate copolymer","mama mio the tummy rub butter 120ml - fragrance free moisturizer mama all combination dry sensitivity hydration aloe barbadenis extract ethylhexyl palmitate coconut alkanes shea butter cetyl alcohol glycerin prunus amygdalus dulcis cetearyl alcohol capric triglyceride sodium acrylate/sodium acryloyldimethyl taurate copolymer glyceryl stearate citrate myristyl myristate phenoxyethanol isohexadecane hydroxyacetophenone sodium stearoyl glutamate coco-caprylate polysorbate ethylhexyl glycerin vitamin e argania spinosa extract cocos nucifera fruit extract olea europaea fruit oil persea gratissima oil rosa canina flower oil plukenetia volubilis oil sorbitan oleate glyceryl caprylate ,2-hexanediol beta-glucan caprylyl glycol sodium benzoate citric acid sodium hydroxide this moisturizer contains aloe barbadenis extract, ethylhexyl palmitate, coconut alkanes, shea butter, cetyl alcohol, glycerin, prunus amygdalus dulcis, cetearyl alcohol, capric triglyceride, sodium acrylate/sodium acryloyldimethyl taurate copolymer"
prod_000051,Clinique Moisture Surge 72 Hour Auto Replenishing Hydrator 50ml,Clinique,moisturizer,46.99,"['dimethicon', 'butylene glycol', 'glycerin', 'trisiloxane', 'trehalose', 'sucrose', 'ammonium acryloyldimethyltaurate/vp', 'hydroxyethyl urea', 'camellia sinensis extract', 'silybum marianum extract', 'betula alba bark extract', 'saccharomyces lysate extract', 'aloe barbadenis extract', 'thermus thermophillus ferment', 'caffeinee', 'sorbitol', 'palmitoyl hexapeptide-12', 'sodium hyaluronate', 'caprylyl glycol', 'oleth-10', 'sodium polyaspartate', 'saccharide isomerate', 'hydrogenated lecithin', 'tocopheryl acetate', 'acrylates/c10-30 alkyl', 'glyceryl polymethacrylate', 'peg-8', 'hexylene glycol', 'magnesium ascorbyl phosphate', 'disodium edta', 'bht', 'phenoxyethanol', 'ci 14700', 'ci 19140']","['dimethicon', 'butylene glycol', 'glycerin', 'trisiloxane', 'trehalose', 'sucrose', 'ammonium acryloyldimethyltaurate/vp', 'urea', 'camellia sinensis extract', 'silybum marianum extract', 'betula alba bark extract', 'saccharomyces lysate extract', 'aloe barbadenis extract', 'thermus thermophillus ferment', 'caffeinee', 'sorbitol', 'palmitoyl hexapeptide', 'hyaluronic acid', 'caprylyl glycol', 'oleth', 'sodium polyaspartate', 'saccharide isomerate', 'hydrogenated lecithin', 'vitamin e', 'acrylates/c10-30 alkyl', 'glyceryl polymethacrylate', 'peg', 'hexylene glycol', 'vitamin c', 'disodium edta', 'bht', 'phenoxyethanol', 'ci']",kaggle,"['all', 'combination', 'dry']","['pigmentation', 'aging', 'hydration']",4.5,3489,"This moisturizer contains dimethicon, butylene glycol, glycerin, trisiloxane, trehalose, sucrose, ammonium acryloyldimethyltaurate/vp, urea, camellia sinensis extract, silybum marianum extract","clinique moisture surge 72 hour auto replenishing hydrator 50ml moisturizer clinique all combination dry pigmentation aging hydration dimethicon butylene glycol glycerin trisiloxane trehalose sucrose ammonium acryloyldimethyltaurate/vp urea camellia sinensis extract silybum marianum extract betula alba bark extract saccharomyces lysate extract aloe barbadenis extract thermus thermophillus ferment caffeinee sorbitol palmitoyl hexapeptide hyaluronic acid caprylyl glycol oleth sodium polyaspartate saccharide isomerate hydrogenated lecithin vitamin e acrylates/c10-30 alkyl glyceryl polymethacrylate peg hexylene glycol vitamin c disodium edta bht phenoxyethanol ci this moisturizer contains dimethicon, butylene glycol, glycerin, trisiloxane, trehalose, sucrose, ammonium acryloyldimethyltaurate/vp, urea, camellia sinensis extract, silybum marianum extract"
prod_000052,Elemis Pro-Collagen Marine Cream 50ml,Elemis,moisturizer,110.49,"['glyceryl stearate se', 'glycerin', 'glyceryl polyacrylate', 'glyceryl polymethacrylate', 'propylene glycol', 'dimethicon', 'isononyl isononanoate', 'triticum vulgare bran extract', 'butyrospermum parkii', 'simmondsia chinensis leaf extract', 'chlorella vulgaris extract', 'padina pavonica extract', 'daucus carota sativa extract', 'porphyridium cruentum extract', 'acacia decurrens wax', 'rosa damascena', 'lecithin', 'ginkgo biloba extract', 'phenoxyethanol', 'cetyl alcohol', 'stearic acid', 'polyacrylamide', 'xanthan gum', 'chlorphenesin', 'methylparaben', 'parfum', 'laureth-7', 'disodium edta', 'butylparaben', 'ethylparaben', 'tocopheryl acetate', 'propylparaben', 'isobutylparaben', 'hydroxyisohexyl 3-cyclohexene', 'butylphenyl methylpropional', 'linalool', 'citronellol']","['glyceryl stearate se', 'glycerin', 'glyceryl polyacrylate', 'glyceryl polymethacrylate', 'propylene glycol', 'dimethicon', 'isononyl isononanoate', 'triticum vulgare bran extract', 'shea butter', 'simmondsia chinensis leaf extract', 'chlorella vulgaris extract', 'padina pavonica extract', 'daucus carota sativa extract', 'porphyridium cruentum extract', 'acacia decurrens wax', 'rosa damascena', 'lecithin', 'ginkgo biloba extract', 'phenoxyethanol', 'cetyl alcohol', 'stearic acid', 'polyacrylamide', 'xanthan gum', 'chlorphenesin', 'paraben', 'fragrance', 'laureth', 'disodium edta', 'vitamin e', 'isobutylparaben', 'hydroxyisohexyl 3-cyclohexene', 'butylphenyl methylpropional', 'linalool', 'citronellol']",kaggle,"['all', 'combination', 'dry']","['sensitivity', 'hydration']",4.2,100,"This moisturizer contains glyceryl stearate se, glycerin, glyceryl polyacrylate, glyceryl polymethacrylate, propylene glycol, dimethicon, isononyl isononanoate, triticum vulgare bran extract, shea butter, simmondsia chinensis leaf extract","elemis pro-collagen marine cream 50ml moisturizer elemis all combination dry sensitivity hydration glyceryl stearate se glycerin glyceryl polyacrylate glyceryl polymethacrylate propylene glycol dimethicon isononyl isononanoate triticum vulgare bran extract shea butter simmondsia chinensis leaf extract chlorella vulgaris extract padina pavonica extract daucus carota sativa extract porphyridium cruentum extract acacia decurrens wax rosa damascena lecithin ginkgo biloba extract phenoxyethanol cetyl alcohol stearic acid polyacrylamide xanthan gum chlorphenesin paraben fragrance laureth disodium edta vitamin e isobutylparaben hydroxyisohexyl 3-cyclohexene butylphenyl methylpropional linalool citronellol this moisturizer contains glyceryl stearate se, glycerin, glyceryl polyacrylate, glyceryl polymethacrylate, propylene glycol, dimethicon, isononyl isononanoate, triticum vulgare bran extract, shea butter, simmondsia chinensis leaf extract"
prod_000053,La Roche-Posay Toleriane Ultra Fluid 40ml,La Roche-Posay,moisturizer,23.5,"['glycerin', 'squalene', 'propanediol', 'butylene glycol', 'butyrospermum parkii', 'pentylene glycol', 'dimethicon', 'polymethylsilsesquioxane', 'polysorbate-20', 'glyceryl acrylate/acrylic acid copolymer', 'dimethiconol', 'aluminum starch octenylsuccinate', 'ammonium polyacryloyldmethyl taurate', 'disodium edta', 'acetyl dipeptide-1 cetyl']","['glycerin', 'squalane', 'propanediol', 'butylene glycol', 'shea butter', 'pentylene glycol', 'dimethicon', 'polymethylsilsesquioxane', 'polysorbate', 'glyceryl acrylate/acrylic acid copolymer', 'dimethiconol', 'aluminum starch octenylsuccinate', 'ammonium polyacryloyldmethyl taurate', 'disodium edta', 'acetyl dipeptide-1 cetyl']",kaggle,"['all', 'combination', 'dry']","['aging', 'hydration']",4.3,791,"This moisturizer contains glycerin, squalane, propanediol, butylene glycol, shea butter, pentylene glycol, dimethicon, polymethylsilsesquioxane, polysorbate, glyceryl acrylate/acrylic acid copolymer","la roche-posay toleriane ultra fluid 40ml moisturizer la roche-posay all combination dry aging hydration glycerin squalane propanediol butylene glycol shea butter pentylene glycol dimethicon polymethylsilsesquioxane polysorbate glyceryl acrylate/acrylic acid copolymer dimethiconol aluminum starch octenylsuccinate ammonium polyacryloyldmethyl taurate disodium edta acetyl dipeptide-1 cetyl this moisturizer contains glycerin, squalane, propanediol, butylene glycol, shea butter, pentylene glycol, dimethicon, polymethylsilsesquioxane, polysorbate, glyceryl acrylate/acrylic acid copolymer"
prod_000054,Clinique Moisture Surge 72-Hour Auto-Replenishing Hydrator 15ml,Clinique,moisturizer,15.24,"['dimethicon', 'butylene glycol', 'glycerin', 'trisiloxane', 'trehalose', 'sucrose', 'ammonium acryloyldimethyltaurate/vp', 'hydroxyethyl urea', 'camellia sinensis extract', 'silybum marianum extract', 'betula alba bark extract', 'saccharomyces lysate extract', 'aloe barbadenis extract', 'thermus thermophillus ferment', 'caffeinee', 'sorbitol', 'palmitoyl hexapeptide-12', 'sodium hyaluronate', 'caprylyl glycol', 'oleth-10', 'sodium polyaspartate', 'saccharide isomerate', 'hydrogenated lecithin', 'tocopheryl acetate', 'acrylates/c10-30 alkyl', 'glyceryl polymethacrylate', 'peg-8', 'hexylene glycol', 'magnesium ascorbyl phosphate', 'disodium edta', 'bht', 'phenoxyethanol', 'ci 14700', 'ci 19140']","['dimethicon', 'butylene glycol', 'glycerin', 'trisiloxane', 'trehalose', 'sucrose', 'ammonium acryloyldimethyltaurate/vp', 'urea', 'camellia sinensis extract', 'silybum marianum extract', 'betula alba bark extract', 'saccharomyces lysate extract', 'aloe barbadenis extract', 'thermus thermophillus ferment', 'caffeinee', 'sorbitol', 'palmitoyl hexapeptide', 'hyaluronic acid', 'caprylyl glycol', 'oleth', 'sodium polyaspartate', 'saccharide isomerate', 'hydrogenated lecithin', 'vitamin e', 'acrylates/c10-30 alkyl', 'glyceryl polymethacrylate', 'peg', 'hexylene glycol', 'vitamin c', 'disodium edta', 'bht', 'phenoxyethanol', 'ci']",kaggle,"['all', 'combination', 'dry']","['pigmentation', 'aging', 'hydration']",4.5,3489,"This moisturizer contains dimethicon, butylene glycol, glycerin, trisiloxane, trehalose, sucrose, ammonium acryloyldimethyltaurate/vp, urea, camellia sinensis extract, silybum marianum extract","clinique moisture surge 72-hour auto-replenishing hydrator 15ml moisturizer clinique all combination dry pigmentation aging hydration dimethicon butylene glycol glycerin trisiloxane trehalose sucrose ammonium acryloyldimethyltaurate/vp urea camellia sinensis extract silybum marianum extract betula alba bark extract saccharomyces lysate extract aloe barbadenis extract thermus thermophillus ferment caffeinee sorbitol palmitoyl hexapeptide hyaluronic acid caprylyl glycol oleth sodium polyaspartate saccharide isomerate hydrogenated lecithin vitamin e acrylates/c10-30 alkyl glyceryl polymethacrylate peg hexylene glycol vitamin c disodium edta bht phenoxyethanol ci this moisturizer contains dimethicon, butylene glycol, glycerin, trisiloxane, trehalose, sucrose, ammonium acryloyldimethyltaurate/vp, urea, camellia sinensis extract, silybum marianum extract"
prod_000055,Clinique for Men Moisturising Lotion 100ml,Clinique,moisturizer,32.26,"['paraffinum liquidum', 'glycerin', 'petrolatum', 'stearic acid', 'glyceryl stearate', 'sesamium indicum seed oil', 'urea', 'lanolin alcohol', 'triethanolamine', 'cucumis sativus extract', 'hordeum vulgare extract', 'propylene glycol dicoco-caprylate', 'helianthus annuus seed oil', 'butylene glycol', 'sodium hyaluronate', 'pentylene glycol', 'trisodium edta', 'phenoxyethanol', 'ci 17200', 'ci 19140', 'ci 15985']","['mineral oil', 'glycerin', 'stearic acid', 'glyceryl stearate', 'sesamium indicum seed oil', 'urea', 'lanolin alcohol', 'triethanolamine', 'cucumis sativus extract', 'hordeum vulgare extract', 'propylene glycol dicoco-caprylate', 'helianthus annuus seed oil', 'butylene glycol', 'hyaluronic acid', 'pentylene glycol', 'trisodium edta', 'phenoxyethanol', 'ci']",kaggle,"['all', 'combination', 'dry']",['hydration'],4.4,264,"This moisturizer contains mineral oil, glycerin, stearic acid, glyceryl stearate, sesamium indicum seed oil, urea, lanolin alcohol, triethanolamine, cucumis sativus extract, hordeum vulgare extract","clinique for men moisturising lotion 100ml moisturizer clinique all combination dry hydration mineral oil glycerin stearic acid glyceryl stearate sesamium indicum seed oil urea lanolin alcohol triethanolamine cucumis sativus extract hordeum vulgare extract propylene glycol dicoco-caprylate helianthus annuus seed oil butylene glycol hyaluronic acid pentylene glycol trisodium edta phenoxyethanol ci this moisturizer contains mineral oil, glycerin, stearic acid, glyceryl stearate, sesamium indicum seed oil, urea, lanolin alcohol, triethanolamine, cucumis sativus extract, hordeum vulgare extract"
prod_000056,Bulldog Oil Control Moisturiser 100ml,Bulldog,moisturizer,5.71,"['c12-15', 'tapioca starch', 'glycerin', 'sorbitan stearate', 'hamamelis virginiana', 'sodium polyacrylate', 'pentaerythrityl distearate', 'phenoxyethanol', 'sodium stearoyl glutamate', 'alcohol', 'carbomer', 'benzoic acid', 'parfum', 'tocopheryl acetate', 'dehydroacetic acid', 'sodium hydroxide', 'salix alba extract', 'limonene', 'linalool', 'juniperus communis fruit extract', 'potassium sorbate', 'sodium benzoate', '']","['c', 'tapioca starch', 'glycerin', 'sorbitan stearate', 'hamamelis virginiana', 'sodium polyacrylate', 'pentaerythrityl distearate', 'phenoxyethanol', 'sodium stearoyl glutamate', 'alcohol', 'carbomer', 'benzoic acid', 'fragrance', 'vitamin e', 'dehydroacetic acid', 'sodium hydroxide', 'salix alba extract', 'limonene', 'linalool', 'juniperus communis fruit extract', 'potassium sorbate', 'sodium benzoate']",kaggle,"['all', 'combination', 'dry']","['sensitivity', 'hydration']",4.5,3489,"This moisturizer contains c, tapioca starch, glycerin, sorbitan stearate, hamamelis virginiana, sodium polyacrylate, pentaerythrityl distearate, phenoxyethanol, sodium stearoyl glutamate, alcohol","bulldog oil control moisturiser 100ml moisturizer bulldog all combination dry sensitivity hydration c tapioca starch glycerin sorbitan stearate hamamelis virginiana sodium polyacrylate pentaerythrityl distearate phenoxyethanol sodium stearoyl glutamate alcohol carbomer benzoic acid fragrance vitamin e dehydroacetic acid sodium hydroxide salix alba extract limonene linalool juniperus communis fruit extract potassium sorbate sodium benzoate this moisturizer contains c, tapioca starch, glycerin, sorbitan stearate, hamamelis virginiana, sodium polyacrylate, pentaerythrityl distearate, phenoxyethanol, sodium stearoyl glutamate, alcohol"
prod_000057,Bulldog Age Defence Moisturiser 100ml,Bulldog,moisturizer,8.57,"['ethylhexyl palmitate', 'capric triglyceride', 'glycerin', 'sorbitan stearate', 'pentaerythrityl distearate', 'phenoxyethanol', 'sodium polyacrylate', 'tocopherol', 'sodium stearoyl glutamate', 'helianthus annuus seed oil', 'parfum', 'carbomer', 'benzoic acid', 'echinacea purpurea extract', 'dehydroacetic acid', 'amorphophallus konjac root extract', 'limonene', 'sodium hydroxide', 'linalool', 'rosmarinus officinalis extract', 'citric acid', 'sodium benzoate', 'potassium sorbate']","['ethylhexyl palmitate', 'capric triglyceride', 'glycerin', 'sorbitan stearate', 'pentaerythrityl distearate', 'phenoxyethanol', 'sodium polyacrylate', 'vitamin e', 'sodium stearoyl glutamate', 'helianthus annuus seed oil', 'fragrance', 'carbomer', 'benzoic acid', 'echinacea purpurea extract', 'dehydroacetic acid', 'amorphophallus konjac root extract', 'limonene', 'sodium hydroxide', 'linalool', 'rosmarinus officinalis extract', 'citric acid', 'sodium benzoate', 'potassium sorbate']",kaggle,"['all', 'combination', 'dry']","['sensitivity', 'texture', 'hydration']",4.3,791,"This moisturizer contains ethylhexyl palmitate, capric triglyceride, glycerin, sorbitan stearate, pentaerythrityl distearate, phenoxyethanol, sodium polyacrylate, vitamin e, sodium stearoyl glutamate, helianthus annuus seed oil","bulldog age defence moisturiser 100ml moisturizer bulldog all combination dry sensitivity texture hydration ethylhexyl palmitate capric triglyceride glycerin sorbitan stearate pentaerythrityl distearate phenoxyethanol sodium polyacrylate vitamin e sodium stearoyl glutamate helianthus annuus seed oil fragrance carbomer benzoic acid echinacea purpurea extract dehydroacetic acid amorphophallus konjac root extract limonene sodium hydroxide linalool rosmarinus officinalis extract citric acid sodium benzoate potassium sorbate this moisturizer contains ethylhexyl palmitate, capric triglyceride, glycerin, sorbitan stearate, pentaerythrityl distearate, phenoxyethanol, sodium polyacrylate, vitamin e, sodium stearoyl glutamate, helianthus annuus seed oil"
prod_000058,The INKEY List Multi-Biotic Moisturiser 30ml,The Inkey List,moisturizer,16.5,"['inulin', 'glycerin', 'isoamyl laurate', 'propanediol', 'squalene', 'cetearyl olivate', 'sorbitan olivate', 'avena sativa kernel extract', 'phenoxyethanol', 'yogurt powder', 'sodium caproyl prolinate', 'carbomer', 'isoamyl cocoate', 'benzyl alcohol', 'sodium hyaluronate', 'sodium stearoyl glutamate', 'ethylhexyl glycerin', 'diglucosyl gallic acid', 'trisodium ethylenediamine disuccinate', 'dehydroacetic acid', 'dehydroacetic acid', 'citric acid', 'heptapeptide-7', 'lecithin', 'potassium sorbate', 'propanediol', 'sodium benzoate', 'xanthan gum', 'sorbitan isostearate']","['inulin', 'glycerin', 'isoamyl laurate', 'propanediol', 'squalane', 'cetearyl olivate', 'sorbitan olivate', 'avena sativa kernel extract', 'phenoxyethanol', 'yogurt powder', 'sodium caproyl prolinate', 'carbomer', 'isoamyl cocoate', 'benzyl alcohol', 'hyaluronic acid', 'sodium stearoyl glutamate', 'ethylhexyl glycerin', 'diglucosyl gallic acid', 'trisodium ethylenediamine disuccinate', 'dehydroacetic acid', 'citric acid', 'heptapeptide', 'lecithin', 'potassium sorbate', 'sodium benzoate', 'xanthan gum', 'sorbitan isostearate']",kaggle,"['all', 'combination', 'dry']","['sensitivity', 'aging', 'hydration']",4.7,540,"This moisturizer contains inulin, glycerin, isoamyl laurate, propanediol, squalane, cetearyl olivate, sorbitan olivate, avena sativa kernel extract, phenoxyethanol, yogurt powder","the inkey list multi-biotic moisturiser 30ml moisturizer the inkey list all combination dry sensitivity aging hydration inulin glycerin isoamyl laurate propanediol squalane cetearyl olivate sorbitan olivate avena sativa kernel extract phenoxyethanol yogurt powder sodium caproyl prolinate carbomer isoamyl cocoate benzyl alcohol hyaluronic acid sodium stearoyl glutamate ethylhexyl glycerin diglucosyl gallic acid trisodium ethylenediamine disuccinate dehydroacetic acid citric acid heptapeptide lecithin potassium sorbate sodium benzoate xanthan gum sorbitan isostearate this moisturizer contains inulin, glycerin, isoamyl laurate, propanediol, squalane, cetearyl olivate, sorbitan olivate, avena sativa kernel extract, phenoxyethanol, yogurt powder"
prod_000059,Caudalie Vinosource Moisturising Sorbet 40ml,Caudalie,moisturizer,29.21,"['vitis vinifera extract', 'dicaprylyl ether', 'glycerin', 'butyrospermum parkii', 'hexyldecanol', 'hexyldecyl laurate', 'behenyl alcohol', 'glyceryl stearate', 'acrylates/c10-30 alkyl', 'erythritol', 'parfum', 'tocopherol', 'lecithin', 'caprylyl glycol', 'mannitol', 'sodium benzoate', 'xanthan gum', 'palmitoyl grapevine extract', 'vitis vinifera extract', 'glycine soja extract', 'butylene glycol', 'sodium hydroxide', 'sodium citrate', 'citric acid', 'chamomilla recutita flower oil', 'sodium carboxymethyl beta-glucan', 'sodium phytate', 'potassium sorbate', 'biosaccharide', 'sodium hyaluronate', 'homarine hcl', 'glyceryl caprylate', 'acetyl tetrapeptide-15']","['vitis vinifera extract', 'dicaprylyl ether', 'glycerin', 'shea butter', 'hexyldecanol', 'hexyldecyl laurate', 'behenyl alcohol', 'glyceryl stearate', 'acrylates/c10-30 alkyl', 'erythritol', 'fragrance', 'vitamin e', 'lecithin', 'caprylyl glycol', 'mannitol', 'sodium benzoate', 'xanthan gum', 'palmitoyl grapevine extract', 'glycine soja extract', 'butylene glycol', 'sodium hydroxide', 'sodium citrate', 'citric acid', 'chamomilla recutita flower oil', 'sodium carboxymethyl beta-glucan', 'sodium phytate', 'potassium sorbate', 'biosaccharide', 'hyaluronic acid', 'homarine hcl', 'glyceryl caprylate', 'acetyl tetrapeptide']",kaggle,"['all', 'combination', 'dry']","['sensitivity', 'aging', 'hydration']",4.4,264,"This moisturizer contains vitis vinifera extract, dicaprylyl ether, glycerin, shea butter, hexyldecanol, hexyldecyl laurate, behenyl alcohol, glyceryl stearate, acrylates/c10-30 alkyl, erythritol","caudalie vinosource moisturising sorbet 40ml moisturizer caudalie all combination dry sensitivity aging hydration vitis vinifera extract dicaprylyl ether glycerin shea butter hexyldecanol hexyldecyl laurate behenyl alcohol glyceryl stearate acrylates/c10-30 alkyl erythritol fragrance vitamin e lecithin caprylyl glycol mannitol sodium benzoate xanthan gum palmitoyl grapevine extract glycine soja extract butylene glycol sodium hydroxide sodium citrate citric acid chamomilla recutita flower oil sodium carboxymethyl beta-glucan sodium phytate potassium sorbate biosaccharide hyaluronic acid homarine hcl glyceryl caprylate acetyl tetrapeptide this moisturizer contains vitis vinifera extract, dicaprylyl ether, glycerin, shea butter, hexyldecanol, hexyldecyl laurate, behenyl alcohol, glyceryl stearate, acrylates/c10-30 alkyl, erythritol"
prod_000060,Neutrogena Refreshingly Clear Oil-Free Moisturiser 50ml,Neutrogena,moisturizer,6.65,"['glycerin', 'propylene glycol', 'cetyl alcohol', 'c12-15', 'glyceryl stearate', 'peg-100 stearate', 'stearyl alcohol', 'c12-15', 'salicylic acid', 'aloe barbadenis extract', 'cetyl lactate', 'chamomilla recutita flower oil', 'cocamidopropyl pg-dimonium chloride phosphate', 'menthyl lactate', 'dimethicon', 'propylene glycol isostearate', 'sodium isostearoyl lactylate', 'acrylates/c10-30 alkyl', 'carbomer', 'sodium chloride', 'palmitic acid', 'stearic acid', 'disodium edta', 'sodium hydroxide', 'benzalkonium chloride', 'ethylparaben', 'methylparaben', 'propylparaben', 'phenoxyethanol', 'parfum', 'benzyl alcohol']","['glycerin', 'propylene glycol', 'cetyl alcohol', 'c', 'glyceryl stearate', 'peg-100 stearate', 'stearyl alcohol', 'salicylic acid', 'aloe barbadenis extract', 'cetyl lactate', 'chamomilla recutita flower oil', 'cocamidopropyl pg-dimonium chloride phosphate', 'menthyl lactate', 'dimethicon', 'propylene glycol isostearate', 'sodium isostearoyl lactylate', 'acrylates/c10-30 alkyl', 'carbomer', 'sodium chloride', 'palmitic acid', 'stearic acid', 'disodium edta', 'sodium hydroxide', 'benzalkonium chloride', 'paraben', 'phenoxyethanol', 'fragrance', 'benzyl alcohol']",kaggle,"['oily', 'combination', 'dry']","['texture', 'hydration', 'acne']",4.3,791,"This moisturizer contains glycerin, propylene glycol, cetyl alcohol, c, glyceryl stearate, peg-100 stearate, stearyl alcohol, salicylic acid, aloe barbadenis extract, cetyl lactate","neutrogena refreshingly clear oil-free moisturiser 50ml moisturizer neutrogena oily combination dry texture hydration acne glycerin propylene glycol cetyl alcohol c glyceryl stearate peg-100 stearate stearyl alcohol salicylic acid aloe barbadenis extract cetyl lactate chamomilla recutita flower oil cocamidopropyl pg-dimonium chloride phosphate menthyl lactate dimethicon propylene glycol isostearate sodium isostearoyl lactylate acrylates/c10-30 alkyl carbomer sodium chloride palmitic acid stearic acid disodium edta sodium hydroxide benzalkonium chloride paraben phenoxyethanol fragrance benzyl alcohol this moisturizer contains glycerin, propylene glycol, cetyl alcohol, c, glyceryl stearate, peg-100 stearate, stearyl alcohol, salicylic acid, aloe barbadenis extract, cetyl lactate"
prod_000061,The INKEY List Turmeric Moisturiser 30ml,The Inkey List,moisturizer,10.15,"['squalene', 'cocos nucifera fruit extract', 'c12-16 alcohols', 'avena sativa kernel extract', 'curcuma longa root extract', 'avena sativa kernel extract', 'palmitic acid', 'tocopheryl acetate', 'phenoxyethanol', 'lecithin', 'glycerin', 'xanthan gum', 'sodium levulinate', 'sodium anisate', 'ethylhexyl glycerin', 'sodium stearoyl glutamate', 'trisodium ethylenediamine disuccinate', 'tocopherol']","['squalane', 'cocos nucifera fruit extract', 'c12-16 alcohols', 'avena sativa kernel extract', 'curcuma longa root extract', 'palmitic acid', 'vitamin e', 'phenoxyethanol', 'lecithin', 'glycerin', 'xanthan gum', 'sodium levulinate', 'sodium anisate', 'ethylhexyl glycerin', 'sodium stearoyl glutamate', 'trisodium ethylenediamine disuccinate']",kaggle,"['all', 'combination', 'dry']",['hydration'],4.4,264,"This moisturizer contains squalane, cocos nucifera fruit extract, c12-16 alcohols, avena sativa kernel extract, curcuma longa root extract, palmitic acid, vitamin e, phenoxyethanol, lecithin, glycerin","the inkey list turmeric moisturiser 30ml moisturizer the inkey list all combination dry hydration squalane cocos nucifera fruit extract c12-16 alcohols avena sativa kernel extract curcuma longa root extract palmitic acid vitamin e phenoxyethanol lecithin glycerin xanthan gum sodium levulinate sodium anisate ethylhexyl glycerin sodium stearoyl glutamate trisodium ethylenediamine disuccinate this moisturizer contains squalane, cocos nucifera fruit extract, c12-16 alcohols, avena sativa kernel extract, curcuma longa root extract, palmitic acid, vitamin e, phenoxyethanol, lecithin, glycerin"
prod_000062,The Ordinary Vitamin C Suspension Cream 30% in Silicone 30ml,The Ordinary,moisturizer,7.75,"['dimethicon', 'ascorbic acid', 'polysilicone-11', 'dimethicon']","['dimethicon', 'vitamin c', 'polysilicone']",kaggle,['all'],"['pigmentation', 'aging', 'hydration']",4.3,791,"This moisturizer contains dimethicon, vitamin c, polysilicone","the ordinary vitamin c suspension cream 30% in silicone 30ml moisturizer the ordinary all pigmentation aging hydration dimethicon vitamin c polysilicone this moisturizer contains dimethicon, vitamin c, polysilicone"
prod_000063,La Roche-Posay Toleriane Sensitive Moisturiser 40ml,La Roche-Posay,moisturizer,20.96,"['capric triglyceride', 'glycerin', 'propanediol', 'pentylene glycol', 'niacinamide', 'ammonium polyacryloyldmethyl taurate', 'caprylyl glycol', 'citric acid', 'xanthan gum']","['capric triglyceride', 'glycerin', 'propanediol', 'pentylene glycol', 'niacinamide', 'ammonium polyacryloyldmethyl taurate', 'caprylyl glycol', 'citric acid', 'xanthan gum']",kaggle,"['oily', 'sensitive', 'combination', 'dry']","['pigmentation', 'hydration', 'sensitivity', 'aging', 'acne']",4.0,1559,"This moisturizer contains capric triglyceride, glycerin, propanediol, pentylene glycol, niacinamide, ammonium polyacryloyldmethyl taurate, caprylyl glycol, citric acid, xanthan gum","la roche-posay toleriane sensitive moisturiser 40ml moisturizer la roche-posay oily sensitive combination dry pigmentation hydration sensitivity aging acne capric triglyceride glycerin propanediol pentylene glycol niacinamide ammonium polyacryloyldmethyl taurate caprylyl glycol citric acid xanthan gum this moisturizer contains capric triglyceride, glycerin, propanediol, pentylene glycol, niacinamide, ammonium polyacryloyldmethyl taurate, caprylyl glycol, citric acid, xanthan gum"
prod_000064,Avene Hydrance Hydrating Cream 40ml,Avene,moisturizer,19.68,"['paraffinum liquidum', 'glycerin', 'isohexadecane', 'dimethicon', 'cetearyl alcohol', 'carthamus tinctorius extract', 'isocetyl stearoyl stearate', 'triethylhexanoin', 'glyceryl stearate', 'peg-100 stearate', '1,2-hexanediol', 'butyrospermum parkii', 'cetearyl glucoside', 'benzoic acid', 'beta-sitosterol', 'bht', 'disodium edta', 'parfum', 'polyacrylate-13', 'polyisobutene', 'polysorbate-20', 'sodium hydroxide', 'sorbitan isostearate', 'xanthan gum']","['mineral oil', 'glycerin', 'isohexadecane', 'dimethicon', 'cetearyl alcohol', 'carthamus tinctorius extract', 'isocetyl stearoyl stearate', 'triethylhexanoin', 'glyceryl stearate', 'peg-100 stearate', ',2-hexanediol', 'shea butter', 'cetearyl glucoside', 'benzoic acid', 'beta-sitosterol', 'bht', 'disodium edta', 'fragrance', 'polyacrylate', 'polyisobutene', 'polysorbate', 'sodium hydroxide', 'sorbitan isostearate', 'xanthan gum']",kaggle,"['all', 'combination', 'dry']",['hydration'],4.3,791,"This moisturizer contains mineral oil, glycerin, isohexadecane, dimethicon, cetearyl alcohol, carthamus tinctorius extract, isocetyl stearoyl stearate, triethylhexanoin, glyceryl stearate, peg-100 stearate","avene hydrance hydrating cream 40ml moisturizer avene all combination dry hydration mineral oil glycerin isohexadecane dimethicon cetearyl alcohol carthamus tinctorius extract isocetyl stearoyl stearate triethylhexanoin glyceryl stearate peg-100 stearate ,2-hexanediol shea butter cetearyl glucoside benzoic acid beta-sitosterol bht disodium edta fragrance polyacrylate polyisobutene polysorbate sodium hydroxide sorbitan isostearate xanthan gum this moisturizer contains mineral oil, glycerin, isohexadecane, dimethicon, cetearyl alcohol, carthamus tinctorius extract, isocetyl stearoyl stearate, triethylhexanoin, glyceryl stearate, peg-100 stearate"
prod_000065,Caudalie Vinoperfect Dark Spot Correcting Glycolic Night Cream 50ml,Caudalie,moisturizer,43.18,"['butylene glycol', 'glycerin', 'cetearyl alcohol', 'coco-caprylate', 'glyceryl stearate se', 'butyrospermum parkii', 'capric triglyceride', 'vitis vinifera extract', 'hydrogenated olus oil', 'triheptanoin', 'potassium cetyl phosphate', 'panthenol', 'squalene', 'glycolic acid', 'palmitoyl grapevine extract', 'cetearyl glucoside', 'bisabolol', 'sodium hyaluronate', 'tocopheryl acetate', 'acacia senegal gum', 'xanthan gum', 'caprylyl glycol', 'cassia angustifolia seed polysaccharide', 'papain', 'tocopherol', 'arganine', 'benzyl alcohol', 'dehydroacetic acid', 'carbomer', '1,2-hexanediol', 'algin', 'sodium hydroxide', 'sodium phytate', 'parfum', 'geraniol', 'limonene', 'linalool']","['butylene glycol', 'glycerin', 'cetearyl alcohol', 'coco-caprylate', 'glyceryl stearate se', 'shea butter', 'capric triglyceride', 'vitis vinifera extract', 'hydrogenated olus oil', 'triheptanoin', 'potassium cetyl phosphate', 'panthenol', 'squalane', 'glycolic acid', 'palmitoyl grapevine extract', 'cetearyl glucoside', 'bisabolol', 'hyaluronic acid', 'vitamin e', 'acacia senegal gum', 'xanthan gum', 'caprylyl glycol', 'cassia angustifolia seed polysaccharide', 'papain', 'arganine', 'benzyl alcohol', 'dehydroacetic acid', 'carbomer', ',2-hexanediol', 'algin', 'sodium hydroxide', 'sodium phytate', 'fragrance', 'geraniol', 'limonene', 'linalool']",kaggle,"['all', 'combination', 'oily', 'dry', 'sensitive']","['pigmentation', 'texture', 'hydration', 'sensitivity', 'acne']",4.0,1559,"This moisturizer contains butylene glycol, glycerin, cetearyl alcohol, coco-caprylate, glyceryl stearate se, shea butter, capric triglyceride, vitis vinifera extract, hydrogenated olus oil, triheptanoin","caudalie vinoperfect dark spot correcting glycolic night cream 50ml moisturizer caudalie all combination oily dry sensitive pigmentation texture hydration sensitivity acne butylene glycol glycerin cetearyl alcohol coco-caprylate glyceryl stearate se shea butter capric triglyceride vitis vinifera extract hydrogenated olus oil triheptanoin potassium cetyl phosphate panthenol squalane glycolic acid palmitoyl grapevine extract cetearyl glucoside bisabolol hyaluronic acid vitamin e acacia senegal gum xanthan gum caprylyl glycol cassia angustifolia seed polysaccharide papain arganine benzyl alcohol dehydroacetic acid carbomer ,2-hexanediol algin sodium hydroxide sodium phytate fragrance geraniol limonene linalool this moisturizer contains butylene glycol, glycerin, cetearyl alcohol, coco-caprylate, glyceryl stearate se, shea butter, capric triglyceride, vitis vinifera extract, hydrogenated olus oil, triheptanoin"
prod_000066,L'Oréal Men Expert Pure & Matte Anti-Shine Moisturising Gel (50ml),L'Oréal,moisturizer,6.34,"['glycerin', 'alcohol denat', 'dimethicon', 'silica', 'mentha piperita extract', 'c12-13', 'c12-13', 'peg/ppg-18/18', 'dimethicon', 'divinyldimethicon/dimethicon copolymer', 'ammonium polyacryloyldmethyl taurate', 'caprylyl glycol', 'tocopheryl acetate', 'phenoxyethanol', 'ci 19140', 'ci 42090', 'linalool', 'limonene', 'parfum']","['glycerin', 'alcohol denat', 'dimethicon', 'silica', 'mentha piperita extract', 'c', 'peg/ppg-18/', 'divinyldimethicon/dimethicon copolymer', 'ammonium polyacryloyldmethyl taurate', 'caprylyl glycol', 'vitamin e', 'phenoxyethanol', 'ci', 'linalool', 'limonene', 'fragrance']",kaggle,"['oily', 'combination', 'dry']",['hydration'],4.4,264,"This moisturizer contains glycerin, alcohol denat, dimethicon, silica, mentha piperita extract, c, peg/ppg-18/, divinyldimethicon/dimethicon copolymer, ammonium polyacryloyldmethyl taurate, caprylyl glycol","l'oréal men expert pure & matte anti-shine moisturising gel (50ml) moisturizer l'oréal oily combination dry hydration glycerin alcohol denat dimethicon silica mentha piperita extract c peg/ppg-18/ divinyldimethicon/dimethicon copolymer ammonium polyacryloyldmethyl taurate caprylyl glycol vitamin e phenoxyethanol ci linalool limonene fragrance this moisturizer contains glycerin, alcohol denat, dimethicon, silica, mentha piperita extract, c, peg/ppg-18/, divinyldimethicon/dimethicon copolymer, ammonium polyacryloyldmethyl taurate, caprylyl glycol"
prod_000067,Estée Lauder Revitalising Supreme + Global Anti-ageing Cell Power Crème 30ml,Estée,moisturizer,56.01,"['dimethicon', 'glycerin', 'isohexadecane', 'butylene glycol', 'bis-peg-18 methyl ether dimethyl', 'dimethicon', 'disteardimonium hectorite', 'pentylene glycol', 'cucumis sativus extract', 'narcissus tazetta bulb extract', 'magnolia officinalis bark extract', 'hordeum vulgare extract', 'sigesbeckia orientalis extract', 'lens esculenta (lentil) fruit extract', 'pyrus malus flower extract', 'whey protein', 'citrullus lanatus fruit extract', 'moringa oleifera seed oil', 'laminaria digitata extract', 'triticum vulgare bran extract', 'opuntia tuna extract', 'acetyl hexapeptide-8', 'sorbitol', 'helianthus annuus seed oil', 'caffeinee', 'algae extract', 'sodium hyaluronate', 'sodium lactate', 'squalene', 'polysilicone-11', 'isododecane', 'tocopheryl acetate', 'sucrose', 'acetyl glucosamine', 'polyethylene', 'propylene carbonate', 'citric acid', 'peg-32', 'propylene glycol dicoco-caprylate', 'peg-6', 'isoceteth-20', 'sodium dehydroacetate', 'aminopropyl ascorbyl phosphate', 'parfum', 'sodium pca', 'sodium citrate', 'disodium edta', 'bht', 'phenoxyethanol', 'ci 77491']","['dimethicon', 'glycerin', 'isohexadecane', 'butylene glycol', 'bis-peg-18 methyl ether dimethyl', 'disteardimonium hectorite', 'pentylene glycol', 'cucumis sativus extract', 'narcissus tazetta bulb extract', 'magnolia officinalis bark extract', 'hordeum vulgare extract', 'sigesbeckia orientalis extract', 'lens esculenta  fruit extract', 'pyrus malus flower extract', 'whey protein', 'citrullus lanatus fruit extract', 'moringa oleifera seed oil', 'laminaria digitata extract', 'triticum vulgare bran extract', 'opuntia tuna extract', 'peptide', 'sorbitol', 'helianthus annuus seed oil', 'caffeinee', 'algae extract', 'hyaluronic acid', 'sodium lactate', 'squalane', 'polysilicone', 'isododecane', 'vitamin e', 'sucrose', 'acetyl glucosamine', 'polyethylene', 'propylene carbonate', 'citric acid', 'peg', 'propylene glycol dicoco-caprylate', 'isoceteth', 'sodium dehydroacetate', 'aminopropyl ascorbyl phosphate', 'fragrance', 'sodium pca', 'sodium citrate', 'disodium edta', 'bht', 'phenoxyethanol', 'ci']",kaggle,"['all', 'combination', 'dry']","['texture', 'hydration', 'aging']",4.4,264,"This moisturizer contains dimethicon, glycerin, isohexadecane, butylene glycol, bis-peg-18 methyl ether dimethyl, disteardimonium hectorite, pentylene glycol, cucumis sativus extract, narcissus tazetta bulb extract, magnolia officinalis bark extract","estée lauder revitalising supreme + global anti-ageing cell power crème 30ml moisturizer estée all combination dry texture hydration aging dimethicon glycerin isohexadecane butylene glycol bis-peg-18 methyl ether dimethyl disteardimonium hectorite pentylene glycol cucumis sativus extract narcissus tazetta bulb extract magnolia officinalis bark extract hordeum vulgare extract sigesbeckia orientalis extract lens esculenta  fruit extract pyrus malus flower extract whey protein citrullus lanatus fruit extract moringa oleifera seed oil laminaria digitata extract triticum vulgare bran extract opuntia tuna extract peptide sorbitol helianthus annuus seed oil caffeinee algae extract hyaluronic acid sodium lactate squalane polysilicone isododecane vitamin e sucrose acetyl glucosamine polyethylene propylene carbonate citric acid peg propylene glycol dicoco-caprylate isoceteth sodium dehydroacetate aminopropyl ascorbyl phosphate fragrance sodium pca sodium citrate disodium edta bht phenoxyethanol ci this moisturizer contains dimethicon, glycerin, isohexadecane, butylene glycol, bis-peg-18 methyl ether dimethyl, disteardimonium hectorite, pentylene glycol, cucumis sativus extract, narcissus tazetta bulb extract, magnolia officinalis bark extract"
prod_000068,The Chemistry Brand Heel Hydration Complex 100ml,The,moisturizer,19.04,"['propanediol', 'capric triglyceride', 'cetearyl alcohol', 'cetearyl glucoside', 'cyclopentasiloxane', 'cetyl alcohol', 'glycerin', 'tremella fuciformis extract', 'cellulose', 'pseudoalteromonas extract', 'calendula officinalis extract', 'alanine', 'proline', 'serine', 'tocopherol', 'glycine soja extract', 'dimethicon/vinyl dimethicon crosspolymer', 'sodium polyacrylate', 'menthol', 'betaine', 'xanthan gum', 'caprylyl glycol', 'potassium sorbate', 'acrylates/c12-22 alkyl methacrylate copolymer', 'ethyl menthane carboxamide', 'hydroxypropylcellulose', 'menthyl lactate', 'propylene glycol', 'methyl diisopropyl propionamide', 'ethylhexyl glycerin', 'sodium phosphate', 'sodium hydroxide', 'chlorphenesin', 'phenoxyethanol', 'parfum', 'citral', 'coumarin', 'geraniol', 'limonene', 'linalool']","['propanediol', 'capric triglyceride', 'cetearyl alcohol', 'cetearyl glucoside', 'cyclopentasiloxane', 'cetyl alcohol', 'glycerin', 'tremella fuciformis extract', 'cellulose', 'pseudoalteromonas extract', 'calendula officinalis extract', 'alanine', 'proline', 'serine', 'vitamin e', 'glycine soja extract', 'dimethicon/vinyl dimethicon crosspolymer', 'sodium polyacrylate', 'menthol', 'betaine', 'xanthan gum', 'caprylyl glycol', 'potassium sorbate', 'acrylates/c12-22 alkyl methacrylate copolymer', 'ethyl menthane carboxamide', 'hydroxypropylcellulose', 'menthyl lactate', 'propylene glycol', 'methyl diisopropyl propionamide', 'ethylhexyl glycerin', 'sodium phosphate', 'sodium hydroxide', 'chlorphenesin', 'phenoxyethanol', 'fragrance', 'citral', 'coumarin', 'geraniol', 'limonene', 'linalool']",kaggle,"['sensitive', 'all', 'combination', 'dry']","['sensitivity', 'texture', 'hydration']",4.2,100,"This moisturizer contains propanediol, capric triglyceride, cetearyl alcohol, cetearyl glucoside, cyclopentasiloxane, cetyl alcohol, glycerin, tremella fuciformis extract, cellulose, pseudoalteromonas extract","the chemistry brand heel hydration complex 100ml moisturizer the sensitive all combination dry sensitivity texture hydration propanediol capric triglyceride cetearyl alcohol cetearyl glucoside cyclopentasiloxane cetyl alcohol glycerin tremella fuciformis extract cellulose pseudoalteromonas extract calendula officinalis extract alanine proline serine vitamin e glycine soja extract dimethicon/vinyl dimethicon crosspolymer sodium polyacrylate menthol betaine xanthan gum caprylyl glycol potassium sorbate acrylates/c12-22 alkyl methacrylate copolymer ethyl menthane carboxamide hydroxypropylcellulose menthyl lactate propylene glycol methyl diisopropyl propionamide ethylhexyl glycerin sodium phosphate sodium hydroxide chlorphenesin phenoxyethanol fragrance citral coumarin geraniol limonene linalool this moisturizer contains propanediol, capric triglyceride, cetearyl alcohol, cetearyl glucoside, cyclopentasiloxane, cetyl alcohol, glycerin, tremella fuciformis extract, cellulose, pseudoalteromonas extract"
prod_000069,Elizabeth Arden Visible Difference Refining Moisture Cream (75ml),Elizabeth,moisturizer,38.1,"['glycerin', 'squalene', 'cetearyl alcohol', 'polysorbate 60', 'isopropyl myristate', 'cera alba', 'olea europaea fruit oil', 'retinyl palmitate', 'allantoin', 'panthenol', 'laureth-7', 'c13-14 isoparaffin', 'polyacrylamide', 'sodium hydroxide', 'disodium edta', 'parfum', 'benzyl benzoate', 'geraniol', 'hexyl cinnamal', 'hydroxycitronellal', 'limonene', 'linalool', 'methylisothiazolinone', 'methylparaben']","['glycerin', 'squalane', 'cetearyl alcohol', 'polysorbate', 'isopropyl myristate', 'cera alba', 'olea europaea fruit oil', 'retinol', 'allantoin', 'panthenol', 'laureth', 'c13-14 isoparaffin', 'polyacrylamide', 'sodium hydroxide', 'disodium edta', 'fragrance', 'benzyl benzoate', 'geraniol', 'hexyl cinnamal', 'hydroxycitronellal', 'limonene', 'linalool', 'methylisothiazolinone', 'paraben']",kaggle,"['sensitive', 'all', 'combination', 'dry']","['pigmentation', 'texture', 'hydration', 'sensitivity', 'aging', 'acne']",4.4,264,"This moisturizer contains glycerin, squalane, cetearyl alcohol, polysorbate, isopropyl myristate, cera alba, olea europaea fruit oil, retinol, allantoin, panthenol","elizabeth arden visible difference refining moisture cream (75ml) moisturizer elizabeth sensitive all combination dry pigmentation texture hydration sensitivity aging acne glycerin squalane cetearyl alcohol polysorbate isopropyl myristate cera alba olea europaea fruit oil retinol allantoin panthenol laureth c13-14 isoparaffin polyacrylamide sodium hydroxide disodium edta fragrance benzyl benzoate geraniol hexyl cinnamal hydroxycitronellal limonene linalool methylisothiazolinone paraben this moisturizer contains glycerin, squalane, cetearyl alcohol, polysorbate, isopropyl myristate, cera alba, olea europaea fruit oil, retinol, allantoin, panthenol"
prod_000070,Antipodes Baptise H20 Ultra-Hydrating Water Gel 60ml,Antipodes,moisturizer,32.49,"['glycerin', 'sodium acrylates copolymer ', 'lecithin', 'dehydroacetic acid', 'benzyl alcohol', 'glyceryl caprylate', 'polysorbate-20', 'sodium hyaluronate', 'glycerin ', 'water ', 'terminalia ferdinandiana fruit extract', 'sodium citrate', 'lysolecithin ', 'sclerotium gum ', 'xanthan gum ', 'pullulan', 'phormium tenax (harakeke) flax extract', 'hibiscus sabdariffa flower extract', 'leptospermum scoparium leaf extract', 'cyathea medullaris (mamaku black fern) extract', 'zingiber officinale root extract', 'aloe barbadenis extract', 'ci 77019', 'titanium dioxide', 'vegetone rich red t2/lycopene red w/s', 'rosa damascena', 'citronellol', 'eugenol', 'geraniol', 'linalool']","['glycerin', 'sodium acrylates copolymer', 'lecithin', 'dehydroacetic acid', 'benzyl alcohol', 'glyceryl caprylate', 'polysorbate', 'hyaluronic acid', 'water', 'terminalia ferdinandiana fruit extract', 'sodium citrate', 'lysolecithin', 'sclerotium gum', 'xanthan gum', 'pullulan', 'phormium tenax  flax extract', 'hibiscus sabdariffa flower extract', 'leptospermum scoparium leaf extract', 'cyathea medullaris  extract', 'zingiber officinale root extract', 'aloe barbadenis extract', 'ci', 'titanium dioxide', 'vegetone rich red t2/lycopene red w/s', 'rosa damascena', 'citronellol', 'eugenol', 'geraniol', 'linalool']",kaggle,"['all', 'combination', 'dry']","['hydration', 'sun_protection']",4.2,100,"This moisturizer contains glycerin, sodium acrylates copolymer, lecithin, dehydroacetic acid, benzyl alcohol, glyceryl caprylate, polysorbate, hyaluronic acid, water, terminalia ferdinandiana fruit extract","antipodes baptise h20 ultra-hydrating water gel 60ml moisturizer antipodes all combination dry hydration sun_protection glycerin sodium acrylates copolymer lecithin dehydroacetic acid benzyl alcohol glyceryl caprylate polysorbate hyaluronic acid water terminalia ferdinandiana fruit extract sodium citrate lysolecithin sclerotium gum xanthan gum pullulan phormium tenax  flax extract hibiscus sabdariffa flower extract leptospermum scoparium leaf extract cyathea medullaris  extract zingiber officinale root extract aloe barbadenis extract ci titanium dioxide vegetone rich red t2/lycopene red w/s rosa damascena citronellol eugenol geraniol linalool this moisturizer contains glycerin, sodium acrylates copolymer, lecithin, dehydroacetic acid, benzyl alcohol, glyceryl caprylate, polysorbate, hyaluronic acid, water, terminalia ferdinandiana fruit extract"
prod_000071,L'Oréal Paris Dermo Expertise Triple Active Hydrating Night Moisturiser (50ml),L'Oréal,moisturizer,9.51,"['hydrogenated polyisobutene', 'dimethicon', 'glycerin', 'paraffinum liquidum', 'cetyl alcohol', 'peg-100 stearate', 'glyceryl stearate', 'oryza sativa bran', 'zea mays oil', 'hydroxyethylpiperazine ethane sulfonic acid', 'microcrystalline wax', 'paraffin', 'sesamium indicum seed oil', 'sorbitan tristearate', 'isohexadecane', 'bifida ferment lysate', 'ascorbyl glucoside', 'hydroxypalmitoyl sphinganine', 'citric acid', 'triticum vulgare bran extract', 'panthenol', 'polysorbate 80', 'acrylamide/sodium', 'retinyl palmitate', 'pentaerythrityl tetra-di-t-butyl hydroxyhydrocinnamate', 'sodium benzoate', 'phenoxyethanol', 'chlorhexidine digluconate', 'ci 14700', 'alpha-isomethyl ionone', 'limonene', 'hydroxyisohexyl 3-cyclohexene', 'butylphenyl methylpropional', 'benzyl alcohol', 'benzyl benzoate', 'benzyl salicylate', 'parfum']","['hydrogenated polyisobutene', 'dimethicon', 'glycerin', 'mineral oil', 'cetyl alcohol', 'peg-100 stearate', 'glyceryl stearate', 'oryza sativa bran', 'zea mays oil', 'hydroxyethylpiperazine ethane sulfonic acid', 'microcrystalline wax', 'paraffin', 'sesamium indicum seed oil', 'sorbitan tristearate', 'isohexadecane', 'bifida ferment lysate', 'vitamin c', 'hydroxypalmitoyl sphinganine', 'citric acid', 'triticum vulgare bran extract', 'panthenol', 'polysorbate', 'acrylamide/sodium', 'retinol', 'pentaerythrityl tetra-di-t-butyl hydroxyhydrocinnamate', 'sodium benzoate', 'phenoxyethanol', 'chlorhexidine digluconate', 'ci', 'alpha-isomethyl ionone', 'limonene', 'hydroxyisohexyl 3-cyclohexene', 'butylphenyl methylpropional', 'benzyl alcohol', 'benzyl benzoate', 'benzyl salicylate', 'fragrance']",kaggle,"['sensitive', 'all', 'combination', 'dry']","['pigmentation', 'texture', 'hydration', 'sensitivity', 'aging', 'acne']",4.2,100,"This moisturizer contains hydrogenated polyisobutene, dimethicon, glycerin, mineral oil, cetyl alcohol, peg-100 stearate, glyceryl stearate, oryza sativa bran, zea mays oil, hydroxyethylpiperazine ethane sulfonic acid","l'oréal paris dermo expertise triple active hydrating night moisturiser (50ml) moisturizer l'oréal sensitive all combination dry pigmentation texture hydration sensitivity aging acne hydrogenated polyisobutene dimethicon glycerin mineral oil cetyl alcohol peg-100 stearate glyceryl stearate oryza sativa bran zea mays oil hydroxyethylpiperazine ethane sulfonic acid microcrystalline wax paraffin sesamium indicum seed oil sorbitan tristearate isohexadecane bifida ferment lysate vitamin c hydroxypalmitoyl sphinganine citric acid triticum vulgare bran extract panthenol polysorbate acrylamide/sodium retinol pentaerythrityl tetra-di-t-butyl hydroxyhydrocinnamate sodium benzoate phenoxyethanol chlorhexidine digluconate ci alpha-isomethyl ionone limonene hydroxyisohexyl 3-cyclohexene butylphenyl methylpropional benzyl alcohol benzyl benzoate benzyl salicylate fragrance this moisturizer contains hydrogenated polyisobutene, dimethicon, glycerin, mineral oil, cetyl alcohol, peg-100 stearate, glyceryl stearate, oryza sativa bran, zea mays oil, hydroxyethylpiperazine ethane sulfonic acid"
prod_000072,Bulldog Sensitive Moisturiser 100ml,Bulldog,moisturizer,5.71,"['ethylhexyl palmitate', 'capric triglyceride', 'glycerin', 'sodium polyacrylate', 'sorbitan stearate', 'pentaerythrityl distearate', 'phenoxyethanol', 'tocopheryl acetate', 'sodium stearoyl glutamate', 'benzoic acid', 'carbomer', 'cedrus atlantica bark oil', 'dehydroacetic acid', 'mannan', 'camellia sinensis extract', 'hydrolyzed algin', 'sodium hydroxide', 'ethylhexyl glycerin', 'maris aqua', 'pogostemon cablin flower extract', 'polyaminopropyl biguanide', 'chlorella vulgaris extract']","['ethylhexyl palmitate', 'capric triglyceride', 'glycerin', 'sodium polyacrylate', 'sorbitan stearate', 'pentaerythrityl distearate', 'phenoxyethanol', 'vitamin e', 'sodium stearoyl glutamate', 'benzoic acid', 'carbomer', 'cedrus atlantica bark oil', 'dehydroacetic acid', 'mannan', 'camellia sinensis extract', 'hydrolyzed algin', 'sodium hydroxide', 'ethylhexyl glycerin', 'maris aqua', 'pogostemon cablin flower extract', 'polyaminopropyl biguanide', 'chlorella vulgaris extract']",kaggle,"['sensitive', 'combination', 'dry']","['sensitivity', 'hydration']",4.1,1847,"This moisturizer contains ethylhexyl palmitate, capric triglyceride, glycerin, sodium polyacrylate, sorbitan stearate, pentaerythrityl distearate, phenoxyethanol, vitamin e, sodium stearoyl glutamate, benzoic acid","bulldog sensitive moisturiser 100ml moisturizer bulldog sensitive combination dry sensitivity hydration ethylhexyl palmitate capric triglyceride glycerin sodium polyacrylate sorbitan stearate pentaerythrityl distearate phenoxyethanol vitamin e sodium stearoyl glutamate benzoic acid carbomer cedrus atlantica bark oil dehydroacetic acid mannan camellia sinensis extract hydrolyzed algin sodium hydroxide ethylhexyl glycerin maris aqua pogostemon cablin flower extract polyaminopropyl biguanide chlorella vulgaris extract this moisturizer contains ethylhexyl palmitate, capric triglyceride, glycerin, sodium polyacrylate, sorbitan stearate, pentaerythrityl distearate, phenoxyethanol, vitamin e, sodium stearoyl glutamate, benzoic acid"
prod_000073,Dr.Jart+ Ceramidin Cream 50ml,Dr.Jart+,moisturizer,45.09,"['glycerin', 'dipropylene glycol', 'cetearyl alcohol', 'capric triglyceride', 'hydrogenated poly(c6-14 olefin)', 'hydrogenated polydecene', 'methyl trimethicone', '1,2-hexanediol', 'bifida ferment lysate', 'phenyl trimethicone', 'olus oil', 'butyrospermum parkii', 'glyceryl stearate se', 'ceramide np', 'stearic acid', 'algae extract', 'eclipta prostrata extract', 'cetearyl glucoside', 'hydrogenated lecithin', 'microcrystalline wax', 'butylene glycol', 'c12-16 alcohols', 'ammonium acryloyldimethyltaurate/vp', 'malt extract', 'beta vulgaris root extract', 'melia azadirachta flower extract', 'melia azadirachta flower extract', 'theobroma cacao extract', 'curcuma longa root extract', 'ocimum sanctum extract', 'amaranthus caudatus seed extract', 'ulmus davidiana root extract', 'avena sativa kernel extract', 'cynara scolymus (artichoke) leaf extract', 'pteris multifida extract', 'artemisia vulgaris oil', 'corallina officinalis extract', 'pyracantha fortuneana fruit extract', 'glycerly polymethacrylate', 'cholesterol', 'citrus aurantium bergamia', 'hydrolyzed corn starch', 'sodium hyaluronate', 'pelargonium graveolens extract', 'fructooligosaccharides', 'beta-glucan', 'dextrin', 'disodium edta', 'panthenol', 'polyquaternium-51', 'raffinose', 'hydrolyzed sodium hyaluronate', 'folic acid', 'salvia officinalis', 'pogostemon cablin flower extract', 'tromethamine', 'ceramide ap', 'ceramide as', 'ceramide ns', 'palmitoyl pentapeptide-4', 'ceramide eop']","['glycerin', 'dipropylene glycol', 'cetearyl alcohol', 'capric triglyceride', 'hydrogenated poly', 'hydrogenated polydecene', 'methyl trimethicone', ',2-hexanediol', 'bifida ferment lysate', 'silicone', 'olus oil', 'shea butter', 'glyceryl stearate se', 'ceramide', 'stearic acid', 'algae extract', 'eclipta prostrata extract', 'cetearyl glucoside', 'hydrogenated lecithin', 'microcrystalline wax', 'butylene glycol', 'c12-16 alcohols', 'ammonium acryloyldimethyltaurate/vp', 'malt extract', 'beta vulgaris root extract', 'melia azadirachta flower extract', 'theobroma cacao extract', 'curcuma longa root extract', 'ocimum sanctum extract', 'amaranthus caudatus seed extract', 'ulmus davidiana root extract', 'avena sativa kernel extract', 'cynara scolymus  leaf extract', 'pteris multifida extract', 'artemisia vulgaris oil', 'corallina officinalis extract', 'pyracantha fortuneana fruit extract', 'glycerly polymethacrylate', 'cholesterol', 'citrus aurantium bergamia', 'hydrolyzed corn starch', 'hyaluronic acid', 'pelargonium graveolens extract', 'fructooligosaccharides', 'beta-glucan', 'dextrin', 'disodium edta', 'panthenol', 'polyquaternium', 'raffinose', 'hydrolyzed sodium hyaluronate', 'folic acid', 'salvia officinalis', 'pogostemon cablin flower extract', 'tromethamine', 'ceramide as', 'peptide']",kaggle,"['sensitive', 'all', 'combination', 'dry']","['sensitivity', 'aging', 'hydration']",4.5,3489,"This moisturizer contains glycerin, dipropylene glycol, cetearyl alcohol, capric triglyceride, hydrogenated poly, hydrogenated polydecene, methyl trimethicone, ,2-hexanediol, bifida ferment lysate, silicone","dr.jart+ ceramidin cream 50ml moisturizer dr.jart+ sensitive all combination dry sensitivity aging hydration glycerin dipropylene glycol cetearyl alcohol capric triglyceride hydrogenated poly hydrogenated polydecene methyl trimethicone ,2-hexanediol bifida ferment lysate silicone olus oil shea butter glyceryl stearate se ceramide stearic acid algae extract eclipta prostrata extract cetearyl glucoside hydrogenated lecithin microcrystalline wax butylene glycol c12-16 alcohols ammonium acryloyldimethyltaurate/vp malt extract beta vulgaris root extract melia azadirachta flower extract theobroma cacao extract curcuma longa root extract ocimum sanctum extract amaranthus caudatus seed extract ulmus davidiana root extract avena sativa kernel extract cynara scolymus  leaf extract pteris multifida extract artemisia vulgaris oil corallina officinalis extract pyracantha fortuneana fruit extract glycerly polymethacrylate cholesterol citrus aurantium bergamia hydrolyzed corn starch hyaluronic acid pelargonium graveolens extract fructooligosaccharides beta-glucan dextrin disodium edta panthenol polyquaternium raffinose hydrolyzed sodium hyaluronate folic acid salvia officinalis pogostemon cablin flower extract tromethamine ceramide as peptide this moisturizer contains glycerin, dipropylene glycol, cetearyl alcohol, capric triglyceride, hydrogenated poly, hydrogenated polydecene, methyl trimethicone, ,2-hexanediol, bifida ferment lysate, silicone"
prod_000074,"
Erno Laszlo Phelityl Night Cream 50ml",Erno,moisturizer,171.45,"['glyceryl stearate', 'dimethicon', 'peg-8', 'cetearyl alcohol', 'paraffinum liquidum', 'c10-13 cholesterol/lanosterol esters', 'capric triglyceride', 'ppg-10 cetyl ether', 'petrolatum', 'ceteareth 20', 'magnesium aluminum silicate', 'imidazolidinyl urea', 'carbomer', 'methylparaben', 'sodium hydroxide', 'propylparaben', 'parfum', 'benzyl salicylate', 'citral', 'coumarin', 'eugenol', 'hexyl cinnamal', 'hydroxycitronellal', 'isoeugenol', 'limonene', 'linalool', 'caramel']","['glyceryl stearate', 'dimethicon', 'peg', 'cetearyl alcohol', 'mineral oil', 'c10-13 cholesterol/lanosterol esters', 'capric triglyceride', 'ppg-10 cetyl ether', 'ceteareth', 'magnesium aluminum silicate', 'imidazolidinyl urea', 'carbomer', 'paraben', 'sodium hydroxide', 'fragrance', 'benzyl salicylate', 'citral', 'coumarin', 'eugenol', 'hexyl cinnamal', 'hydroxycitronellal', 'isoeugenol', 'limonene', 'linalool', 'caramel']",kaggle,"['all', 'dry']",['hydration'],4.5,3489,"This moisturizer contains glyceryl stearate, dimethicon, peg, cetearyl alcohol, mineral oil, c10-13 cholesterol/lanosterol esters, capric triglyceride, ppg-10 cetyl ether, ceteareth, magnesium aluminum silicate","
erno laszlo phelityl night cream 50ml moisturizer erno all dry hydration glyceryl stearate dimethicon peg cetearyl alcohol mineral oil c10-13 cholesterol/lanosterol esters capric triglyceride ppg-10 cetyl ether ceteareth magnesium aluminum silicate imidazolidinyl urea carbomer paraben sodium hydroxide fragrance benzyl salicylate citral coumarin eugenol hexyl cinnamal hydroxycitronellal isoeugenol limonene linalool caramel this moisturizer contains glyceryl stearate, dimethicon, peg, cetearyl alcohol, mineral oil, c10-13 cholesterol/lanosterol esters, capric triglyceride, ppg-10 cetyl ether, ceteareth, magnesium aluminum silicate"
prod_000075,Antipodes Avocado Pear Nourishing Night Cream 60ml,Antipodes,moisturizer,44.44,"['squalene', 'butyrospermum parkii', 'glycerin', 'leptospermum scoparium leaf extract', 'macadamia ternifolia seed oil', 'persea gratissima oil', 'cetearyl alcohol', 'calendula officinalis extract', 'cocos nucifera fruit extract', 'lecithin', 'tocopherol', 'helianthus annuus seed oil', 'dehydroacetic acid', 'benzyl alcohol', 'bisabolol', 'vitis vinifera extract', 'parfum of sandalwood', 'ylang ylang ', 'pogostemon cablin flower extract', 'benzyl benzoate', 'benzyl salicylate', 'citral', 'citronellol', 'limonene', 'eugenol', 'farnesol', 'geraniol', 'isoeugenol', 'linalool']","['squalane', 'shea butter', 'glycerin', 'leptospermum scoparium leaf extract', 'macadamia ternifolia seed oil', 'persea gratissima oil', 'cetearyl alcohol', 'calendula officinalis extract', 'cocos nucifera fruit extract', 'lecithin', 'vitamin e', 'helianthus annuus seed oil', 'dehydroacetic acid', 'benzyl alcohol', 'bisabolol', 'vitis vinifera extract', 'parfum of sandalwood', 'ylang ylang', 'pogostemon cablin flower extract', 'benzyl benzoate', 'benzyl salicylate', 'citral', 'citronellol', 'limonene', 'eugenol', 'farnesol', 'geraniol', 'isoeugenol', 'linalool']",kaggle,"['sensitive', 'combination', 'dry']","['sensitivity', 'hydration']",4.3,791,"This moisturizer contains squalane, shea butter, glycerin, leptospermum scoparium leaf extract, macadamia ternifolia seed oil, persea gratissima oil, cetearyl alcohol, calendula officinalis extract, cocos nucifera fruit extract, lecithin","antipodes avocado pear nourishing night cream 60ml moisturizer antipodes sensitive combination dry sensitivity hydration squalane shea butter glycerin leptospermum scoparium leaf extract macadamia ternifolia seed oil persea gratissima oil cetearyl alcohol calendula officinalis extract cocos nucifera fruit extract lecithin vitamin e helianthus annuus seed oil dehydroacetic acid benzyl alcohol bisabolol vitis vinifera extract parfum of sandalwood ylang ylang pogostemon cablin flower extract benzyl benzoate benzyl salicylate citral citronellol limonene eugenol farnesol geraniol isoeugenol linalool this moisturizer contains squalane, shea butter, glycerin, leptospermum scoparium leaf extract, macadamia ternifolia seed oil, persea gratissima oil, cetearyl alcohol, calendula officinalis extract, cocos nucifera fruit extract, lecithin"
prod_000076,Fade Out ADVANCED Even Skin Tone Night Cream 50ml,Fade,moisturizer,12.69,"['sodium lactate', 'c12-15', 'lactic acid', 'dimethicon', 'glyceryl stearate', 'peg-100 stearate', 'cetearyl alcohol', 'glycerin', 'stearyl alcohol', 'hexylene glycol', 'niacinamide', 'ceteareth 20', 'phenoxyethanol', 'inulin', 'rosa canina flower oil', 'parfum', 'sodium saccharin', 'panthenol', 'tocopheryl acetate', 'plukenetia volubilis oil', 'ethylhexyl glycerin', 'alpha-glucan oligosaccharide', 'arbutin', 'morus nigra extract', 'glycyrrhiza glabra root extract', 'disodium edta', 'glyceryl oleate', 'tocopherol', 'ascorbyl palmitate', 'ascorbic acid', 'citric acid', 'citronellol', 'linalool', 'hydroxyisohexyl 3-cyclohexene']","['sodium lactate', 'c', 'lactic acid', 'dimethicon', 'glyceryl stearate', 'peg-100 stearate', 'cetearyl alcohol', 'glycerin', 'stearyl alcohol', 'hexylene glycol', 'niacinamide', 'ceteareth', 'phenoxyethanol', 'inulin', 'rosa canina flower oil', 'fragrance', 'sodium saccharin', 'panthenol', 'vitamin e', 'plukenetia volubilis oil', 'ethylhexyl glycerin', 'alpha-glucan oligosaccharide', 'alpha arbutin', 'morus nigra extract', 'glycyrrhiza glabra root extract', 'disodium edta', 'glyceryl oleate', 'ascorbyl palmitate', 'vitamin c', 'citric acid', 'citronellol', 'linalool', 'hydroxyisohexyl 3-cyclohexene']",kaggle,"['all', 'combination', 'oily', 'dry', 'sensitive']","['pigmentation', 'texture', 'hydration', 'sensitivity', 'aging', 'acne']",4.5,3489,"This moisturizer contains sodium lactate, c, lactic acid, dimethicon, glyceryl stearate, peg-100 stearate, cetearyl alcohol, glycerin, stearyl alcohol, hexylene glycol","fade out advanced even skin tone night cream 50ml moisturizer fade all combination oily dry sensitive pigmentation texture hydration sensitivity aging acne sodium lactate c lactic acid dimethicon glyceryl stearate peg-100 stearate cetearyl alcohol glycerin stearyl alcohol hexylene glycol niacinamide ceteareth phenoxyethanol inulin rosa canina flower oil fragrance sodium saccharin panthenol vitamin e plukenetia volubilis oil ethylhexyl glycerin alpha-glucan oligosaccharide alpha arbutin morus nigra extract glycyrrhiza glabra root extract disodium edta glyceryl oleate ascorbyl palmitate vitamin c citric acid citronellol linalool hydroxyisohexyl 3-cyclohexene this moisturizer contains sodium lactate, c, lactic acid, dimethicon, glyceryl stearate, peg-100 stearate, cetearyl alcohol, glycerin, stearyl alcohol, hexylene glycol"
prod_000077,NIOD Hydration Vaccine Face Cream 50ml,Niod,moisturizer,44.45,"['caprylyl methicone', 'dimethicon/ppg-20 crosspolymer', 'glycerin', 'propanediol', 'sodium polyacrylate', 'leontopodium alpinum callus culture extract', 'n-acetyl-d-glucosamine-6-phosphate disodium salt', 'proline', 'alanine', 'serine', 'glucose', 'xylitol', 'xylitylglucoside', 'anhydroxylitol', 'adansonia digitata seed oil', 'polypodium vulgare rhizome extract', 'cetraria islandica thallus extract', 'sphagnum magellanicum extract', 'pseudoalteromonas extract', 'tocopherol', 'tocopheryl acetate', 'mangifera indica extract', 'orbignya oleifera seed oil', 'squalene', 'lecithin', 'hexamethyldisiloxane', 'trimethylsiloxysilicate', 'cyclopentasiloxane', 'dimethicon', 'polysilicone-11', 'dimethicon/vinyl dimethicon crosspolymer', 'hydroxyethyl acrylate/sodium acryloyldimethyl taurate', 'xanthan gum', 'caprylyl glycol', 'sodium benzoate', 'potassium sorbate', 'citric acid', 'sodium phosphate', 'sodium hydroxide', 'ethylhexyl glycerin', 'phenoxyethanol', 'chlorphenesin']","['caprylyl methicone', 'dimethicon/ppg-20 crosspolymer', 'glycerin', 'propanediol', 'sodium polyacrylate', 'leontopodium alpinum callus culture extract', 'n-acetyl-d-glucosamine-6-phosphate disodium salt', 'proline', 'alanine', 'serine', 'glucose', 'xylitol', 'xylitylglucoside', 'anhydroxylitol', 'adansonia digitata seed oil', 'polypodium vulgare rhizome extract', 'cetraria islandica thallus extract', 'sphagnum magellanicum extract', 'pseudoalteromonas extract', 'vitamin e', 'mangifera indica extract', 'orbignya oleifera seed oil', 'squalane', 'lecithin', 'hexamethyldisiloxane', 'trimethylsiloxysilicate', 'cyclopentasiloxane', 'dimethicon', 'polysilicone', 'dimethicon/vinyl dimethicon crosspolymer', 'hydroxyethyl acrylate/sodium acryloyldimethyl taurate', 'xanthan gum', 'caprylyl glycol', 'sodium benzoate', 'potassium sorbate', 'citric acid', 'sodium phosphate', 'sodium hydroxide', 'ethylhexyl glycerin', 'phenoxyethanol', 'chlorphenesin']",kaggle,"['all', 'combination', 'dry']","['sensitivity', 'texture', 'hydration']",4.1,1847,"This moisturizer contains caprylyl methicone, dimethicon/ppg-20 crosspolymer, glycerin, propanediol, sodium polyacrylate, leontopodium alpinum callus culture extract, n-acetyl-d-glucosamine-6-phosphate disodium salt, proline, alanine, serine","niod hydration vaccine face cream 50ml moisturizer niod all combination dry sensitivity texture hydration caprylyl methicone dimethicon/ppg-20 crosspolymer glycerin propanediol sodium polyacrylate leontopodium alpinum callus culture extract n-acetyl-d-glucosamine-6-phosphate disodium salt proline alanine serine glucose xylitol xylitylglucoside anhydroxylitol adansonia digitata seed oil polypodium vulgare rhizome extract cetraria islandica thallus extract sphagnum magellanicum extract pseudoalteromonas extract vitamin e mangifera indica extract orbignya oleifera seed oil squalane lecithin hexamethyldisiloxane trimethylsiloxysilicate cyclopentasiloxane dimethicon polysilicone dimethicon/vinyl dimethicon crosspolymer hydroxyethyl acrylate/sodium acryloyldimethyl taurate xanthan gum caprylyl glycol sodium benzoate potassium sorbate citric acid sodium phosphate sodium hydroxide ethylhexyl glycerin phenoxyethanol chlorphenesin this moisturizer contains caprylyl methicone, dimethicon/ppg-20 crosspolymer, glycerin, propanediol, sodium polyacrylate, leontopodium alpinum callus culture extract, n-acetyl-d-glucosamine-6-phosphate disodium salt, proline, alanine, serine"
prod_000078,The INKEY List Peptide Moisturizer 50ml,The Inkey List,moisturizer,19.04,"['capric triglyceride', 'glycerin', 'c12-15', 'cetearyl alcohol', 'glyceryl stearate se', 'betaine', 'butylene glycol', 'phenoxyethanol', 'benzyl alcohol', 'carbomer', 'butyrospermum parkii', 'sodium stearoyl glutamate', 'sodium hydroxide', 'ethylhexyl glycerin', 'sodium gluconate', 'tocopheryl acetate', 'dehydroacetic acid', 'hydrogenated lecithin', 'phenyl ethyl alcohol', 'acetyl hexapeptide-37', 'maltodextrin', 'pentapeptide-48']","['capric triglyceride', 'glycerin', 'c', 'cetearyl alcohol', 'glyceryl stearate se', 'betaine', 'butylene glycol', 'phenoxyethanol', 'benzyl alcohol', 'carbomer', 'shea butter', 'sodium stearoyl glutamate', 'sodium hydroxide', 'ethylhexyl glycerin', 'sodium gluconate', 'vitamin e', 'dehydroacetic acid', 'hydrogenated lecithin', 'phenyl ethyl alcohol', 'peptide', 'maltodextrin', 'pentapeptide']",kaggle,"['all', 'combination', 'dry']","['aging', 'hydration']",4.5,3489,"This moisturizer contains capric triglyceride, glycerin, c, cetearyl alcohol, glyceryl stearate se, betaine, butylene glycol, phenoxyethanol, benzyl alcohol, carbomer","the inkey list peptide moisturizer 50ml moisturizer the inkey list all combination dry aging hydration capric triglyceride glycerin c cetearyl alcohol glyceryl stearate se betaine butylene glycol phenoxyethanol benzyl alcohol carbomer shea butter sodium stearoyl glutamate sodium hydroxide ethylhexyl glycerin sodium gluconate vitamin e dehydroacetic acid hydrogenated lecithin phenyl ethyl alcohol peptide maltodextrin pentapeptide this moisturizer contains capric triglyceride, glycerin, c, cetearyl alcohol, glyceryl stearate se, betaine, butylene glycol, phenoxyethanol, benzyl alcohol, carbomer"
prod_000079,Clinique Moisture Surge Intense Skin Fortifying Hydrator 50ml,Clinique,moisturizer,46.99,"['cyclopentasiloxane', 'glycerin', 'butylene glycol', 'dimethicon', 'cetyl ethylhexanoate', 'squalene', 'disteardimonium hectorite', 'dimethicon', 'lauryl peg-9', 'ahnfeltia concinna extract', 'olea europaea fruit oil', 'caffeinee', 'whey protein', 'cholesterol', 'sodium hyaluronate', 'petrolatum', 'peg-150', 'sucrose', 'pyridoxine dipalmitate', 'linoleic acid', 'tocopheryl acetate', 'citric acid', 'polysilicone-11', 'propylene carbonate', 'glyceryl polymethacrylate', 'peg-8', 'aloe barbadenis extract', 'triticum vulgare bran extract', 'pentaerythrityl tetra-di-t-butyl hydroxyhydrocinnamate', 'palmitoyl hexapeptide-12', 'sodium citrate', 'sodium hexametaphosphate', 'chlorphenesin', 'phenoxyethanol']","['cyclopentasiloxane', 'glycerin', 'butylene glycol', 'dimethicon', 'cetyl ethylhexanoate', 'squalane', 'disteardimonium hectorite', 'lauryl peg', 'ahnfeltia concinna extract', 'olea europaea fruit oil', 'caffeinee', 'whey protein', 'cholesterol', 'hyaluronic acid', 'mineral oil', 'peg', 'sucrose', 'pyridoxine dipalmitate', 'linoleic acid', 'vitamin e', 'citric acid', 'polysilicone', 'propylene carbonate', 'glyceryl polymethacrylate', 'aloe barbadenis extract', 'triticum vulgare bran extract', 'pentaerythrityl tetra-di-t-butyl hydroxyhydrocinnamate', 'palmitoyl hexapeptide', 'sodium citrate', 'sodium hexametaphosphate', 'chlorphenesin', 'phenoxyethanol']",kaggle,"['all', 'combination', 'dry']","['texture', 'hydration', 'sensitivity', 'aging']",4.3,791,"This moisturizer contains cyclopentasiloxane, glycerin, butylene glycol, dimethicon, cetyl ethylhexanoate, squalane, disteardimonium hectorite, lauryl peg, ahnfeltia concinna extract, olea europaea fruit oil","clinique moisture surge intense skin fortifying hydrator 50ml moisturizer clinique all combination dry texture hydration sensitivity aging cyclopentasiloxane glycerin butylene glycol dimethicon cetyl ethylhexanoate squalane disteardimonium hectorite lauryl peg ahnfeltia concinna extract olea europaea fruit oil caffeinee whey protein cholesterol hyaluronic acid mineral oil peg sucrose pyridoxine dipalmitate linoleic acid vitamin e citric acid polysilicone propylene carbonate glyceryl polymethacrylate aloe barbadenis extract triticum vulgare bran extract pentaerythrityl tetra-di-t-butyl hydroxyhydrocinnamate palmitoyl hexapeptide sodium citrate sodium hexametaphosphate chlorphenesin phenoxyethanol this moisturizer contains cyclopentasiloxane, glycerin, butylene glycol, dimethicon, cetyl ethylhexanoate, squalane, disteardimonium hectorite, lauryl peg, ahnfeltia concinna extract, olea europaea fruit oil"
prod_000080,Clinique Moisture Surge 72-Hour Auto Replenishing Hydrator 30ml,Clinique,moisturizer,31.75,"['dimethicon', 'butylene glycol', 'glycerin', 'trisiloxane', 'trehalose', 'sucrose', 'ammonium acryloyldimethyltaurate/vp', 'hydroxyethyl urea', 'camellia sinensis extract', 'silybum marianum extract', 'betula alba bark extract', 'saccharomyces lysate extract', 'aloe barbadenis extract', 'thermus thermophillus ferment', 'caffeinee', 'sorbitol', 'palmitoyl hexapeptide-12', 'sodium hyaluronate', 'caprylyl glycol', 'oleth-10', 'sodium polyaspartate', 'saccharide isomerate', 'hydrogenated lecithin', 'tocopheryl acetate', 'acrylates/c10-30 alkyl', 'glyceryl polymethacrylate', 'tromethamine', 'peg-8', 'hexylene glycol', 'magnesium ascorbyl phosphate', 'disodium edta', 'bht', 'phenoxyethanol', 'red 4', 'yellow 5']","['dimethicon', 'butylene glycol', 'glycerin', 'trisiloxane', 'trehalose', 'sucrose', 'ammonium acryloyldimethyltaurate/vp', 'urea', 'camellia sinensis extract', 'silybum marianum extract', 'betula alba bark extract', 'saccharomyces lysate extract', 'aloe barbadenis extract', 'thermus thermophillus ferment', 'caffeinee', 'sorbitol', 'palmitoyl hexapeptide', 'hyaluronic acid', 'caprylyl glycol', 'oleth', 'sodium polyaspartate', 'saccharide isomerate', 'hydrogenated lecithin', 'vitamin e', 'acrylates/c10-30 alkyl', 'glyceryl polymethacrylate', 'tromethamine', 'peg', 'hexylene glycol', 'vitamin c', 'disodium edta', 'bht', 'phenoxyethanol', 'red', 'yellow']",kaggle,"['all', 'combination', 'dry']","['pigmentation', 'aging', 'hydration']",4.5,3489,"This moisturizer contains dimethicon, butylene glycol, glycerin, trisiloxane, trehalose, sucrose, ammonium acryloyldimethyltaurate/vp, urea, camellia sinensis extract, silybum marianum extract","clinique moisture surge 72-hour auto replenishing hydrator 30ml moisturizer clinique all combination dry pigmentation aging hydration dimethicon butylene glycol glycerin trisiloxane trehalose sucrose ammonium acryloyldimethyltaurate/vp urea camellia sinensis extract silybum marianum extract betula alba bark extract saccharomyces lysate extract aloe barbadenis extract thermus thermophillus ferment caffeinee sorbitol palmitoyl hexapeptide hyaluronic acid caprylyl glycol oleth sodium polyaspartate saccharide isomerate hydrogenated lecithin vitamin e acrylates/c10-30 alkyl glyceryl polymethacrylate tromethamine peg hexylene glycol vitamin c disodium edta bht phenoxyethanol red yellow this moisturizer contains dimethicon, butylene glycol, glycerin, trisiloxane, trehalose, sucrose, ammonium acryloyldimethyltaurate/vp, urea, camellia sinensis extract, silybum marianum extract"
prod_000081,L'Oréal Paris Hydra Genius Liquid Care Moisturiser for Normal Combination Skin 70ml 2 Pack Exclusive,L'Oréal,moisturizer,17.77,"['glycerin', 'alcohol denat', 'dimethicon', 'isononyl isononanoate', 'silanetriol', 'carbomer', 'triethanolamine', 'dimethiconol', 'aloe barbadenis extract', 'sodium hyaluronate', 'silica dimethyl silylate', 'sodium hyaluronate', 'phyllostachys bambusoides extract', 'caprylyl glycol', 'tetrasodium edta', 'citric acid', 'biosaccharide', 'xanthan gum', 'panthenol', 'menthoxypropanediol', 'ethylhexyl palmitate', 'butylene glycol', 'hexylene glycol', 'tocopherol', 'potassium sorbate', 'sorbic acid', 'methylparaben', 'sodium benzoate', 'phenoxyethanol', 'chlorphenesin', 'ci 42090', 'linalool', 'limonene', 'parfum']","['glycerin', 'alcohol denat', 'dimethicon', 'isononyl isononanoate', 'silanetriol', 'carbomer', 'triethanolamine', 'dimethiconol', 'aloe barbadenis extract', 'hyaluronic acid', 'silica dimethyl silylate', 'phyllostachys bambusoides extract', 'caprylyl glycol', 'tetrasodium edta', 'citric acid', 'biosaccharide', 'xanthan gum', 'panthenol', 'menthoxypropanediol', 'ethylhexyl palmitate', 'butylene glycol', 'hexylene glycol', 'vitamin e', 'potassium sorbate', 'sorbic acid', 'paraben', 'sodium benzoate', 'phenoxyethanol', 'chlorphenesin', 'ci', 'linalool', 'limonene', 'fragrance']",kaggle,"['combination', 'dry', 'sensitive', 'normal']","['sensitivity', 'hydration']",4.6,2981,"This moisturizer contains glycerin, alcohol denat, dimethicon, isononyl isononanoate, silanetriol, carbomer, triethanolamine, dimethiconol, aloe barbadenis extract, hyaluronic acid","l'oréal paris hydra genius liquid care moisturiser for normal combination skin 70ml 2 pack exclusive moisturizer l'oréal combination dry sensitive normal sensitivity hydration glycerin alcohol denat dimethicon isononyl isononanoate silanetriol carbomer triethanolamine dimethiconol aloe barbadenis extract hyaluronic acid silica dimethyl silylate phyllostachys bambusoides extract caprylyl glycol tetrasodium edta citric acid biosaccharide xanthan gum panthenol menthoxypropanediol ethylhexyl palmitate butylene glycol hexylene glycol vitamin e potassium sorbate sorbic acid paraben sodium benzoate phenoxyethanol chlorphenesin ci linalool limonene fragrance this moisturizer contains glycerin, alcohol denat, dimethicon, isononyl isononanoate, silanetriol, carbomer, triethanolamine, dimethiconol, aloe barbadenis extract, hyaluronic acid"
prod_000082,Murad Hydro-Dynamic™ Ultimate Moisture (50ml),Murad,moisturizer,76.2,"['c12-15', 'capric triglyceride', 'glycerin', 'helianthus annuus seed oil', 'butylene glycol', 'glyceryl stearate', 'glyceryl behenate/eicosadioate', 'dicaprylyl carbonate', 'butyrospermum parkii', 'cetearyl alcohol', 'myristyl myristate', 'cetyl alcohol', 'ethoxydiglycol', 'phenyl trimethicone', 'stearic acid', 'avena sativa kernel extract', 'faex extract', 'algae extract', 'glycine soja extract', 'zea mays starch', 'olea europaea fruit oil', 'persea gratissima oil', 'sodium hyaluronate', 'dipotassium glycyrrhizate', 'tetrahexyldecyl ascorbate', 'tocopheryl acetate', 'linoleic acid', 'phospholipid', 'polysorbate 60', 'acrylamide/sodium', 'isohexadecane', 'glyceryl polymethacrylate', 'panthenol', 'simmondsia chinensis leaf extract', 'potassium jojobate', 'polysorbate 80', 'urea', 'glucosamine hcl', 'peg-8', 'bisabolol', 'sorbitan oleate', 'cetearyl methicone', 'dimethicon', 'palmitoyl oligopeptide', 'retinyl palmitate', 'allantoin', 'xanthan gum', 'disodium edta', 'bht', 'ethylhexyl glycerin', 'chlorphenesin', 'phenoxyethanol']","['c', 'capric triglyceride', 'glycerin', 'helianthus annuus seed oil', 'butylene glycol', 'glyceryl stearate', 'glyceryl behenate/eicosadioate', 'dicaprylyl carbonate', 'shea butter', 'cetearyl alcohol', 'myristyl myristate', 'cetyl alcohol', 'ethoxydiglycol', 'silicone', 'stearic acid', 'avena sativa kernel extract', 'faex extract', 'algae extract', 'glycine soja extract', 'zea mays starch', 'olea europaea fruit oil', 'persea gratissima oil', 'hyaluronic acid', 'dipotassium glycyrrhizate', 'vitamin c', 'vitamin e', 'linoleic acid', 'phospholipid', 'polysorbate', 'acrylamide/sodium', 'isohexadecane', 'glyceryl polymethacrylate', 'panthenol', 'simmondsia chinensis leaf extract', 'potassium jojobate', 'urea', 'glucosamine hcl', 'peg', 'bisabolol', 'sorbitan oleate', 'cetearyl methicone', 'dimethicon', 'palmitoyl oligopeptide', 'retinol', 'allantoin', 'xanthan gum', 'disodium edta', 'bht', 'ethylhexyl glycerin', 'chlorphenesin', 'phenoxyethanol']",kaggle,"['sensitive', 'all', 'combination', 'dry']","['pigmentation', 'texture', 'hydration', 'sensitivity', 'aging', 'acne']",4.8,1551,"This moisturizer contains c, capric triglyceride, glycerin, helianthus annuus seed oil, butylene glycol, glyceryl stearate, glyceryl behenate/eicosadioate, dicaprylyl carbonate, shea butter, cetearyl alcohol","murad hydro-dynamic™ ultimate moisture (50ml) moisturizer murad sensitive all combination dry pigmentation texture hydration sensitivity aging acne c capric triglyceride glycerin helianthus annuus seed oil butylene glycol glyceryl stearate glyceryl behenate/eicosadioate dicaprylyl carbonate shea butter cetearyl alcohol myristyl myristate cetyl alcohol ethoxydiglycol silicone stearic acid avena sativa kernel extract faex extract algae extract glycine soja extract zea mays starch olea europaea fruit oil persea gratissima oil hyaluronic acid dipotassium glycyrrhizate vitamin c vitamin e linoleic acid phospholipid polysorbate acrylamide/sodium isohexadecane glyceryl polymethacrylate panthenol simmondsia chinensis leaf extract potassium jojobate urea glucosamine hcl peg bisabolol sorbitan oleate cetearyl methicone dimethicon palmitoyl oligopeptide retinol allantoin xanthan gum disodium edta bht ethylhexyl glycerin chlorphenesin phenoxyethanol this moisturizer contains c, capric triglyceride, glycerin, helianthus annuus seed oil, butylene glycol, glyceryl stearate, glyceryl behenate/eicosadioate, dicaprylyl carbonate, shea butter, cetearyl alcohol"
prod_000083,Clinique Redness Solutions Daily Relief Cream 50ml,Clinique,moisturizer,53.34,"['dimethicon', 'butyrospermum parkii', 'cetearyl alcohol', 'hydrogenated polyisobutene', 'trisiloxane', 'butylene glycol', 'glycerin', 'sucrose', 'isostearyl palmitate', 'peg-100 stearate', 'camellia sinensis extract', 'polygonum cuspidatum root extract', 'hordeum vulgare extract', 'triticum vulgare bran extract', 'cetearyl glucoside', 'camellia sinensis extract', 'aspalathus linearis leaf extract', 'saccharomyces lysate extract', 'ascophyllum nodosum extract', 'asparagopsis armata extract', 'camellia sinensis extract', 'algae extract', 'caffeinee', 'lactobacillus', 'sodium lauroyl', 'hydrogenated lecithin', 'polyethylene', 'glyceryl stearate', 'salicylic acid', 'sorbitol', 'methyl glucose sesquistearate', 'cholesterol', 'linoleic acid', 'glycine', 'inulin', 'tromethamine', 'decarboxy carnosine hcl', 'phytosphingosine', 'cetyl alcohol', 'tocopheryl acetate', 'bisabolol', 'squalene', 'hdi/trimethylol hexyllactone crosspolymer', 'behenyl alcohol', 'sodium hyaluronate', 'carbomer', 'silica', 'disodium edta', 'potassium sorbate', 'phenoxyethanol', 'ci 42090', 'ci 19140', 'ci 77289', 'titanium dioxide', 'ci 77019']","['dimethicon', 'shea butter', 'cetearyl alcohol', 'hydrogenated polyisobutene', 'trisiloxane', 'butylene glycol', 'glycerin', 'sucrose', 'isostearyl palmitate', 'peg-100 stearate', 'camellia sinensis extract', 'polygonum cuspidatum root extract', 'hordeum vulgare extract', 'triticum vulgare bran extract', 'cetearyl glucoside', 'aspalathus linearis leaf extract', 'saccharomyces lysate extract', 'ascophyllum nodosum extract', 'asparagopsis armata extract', 'algae extract', 'caffeinee', 'lactobacillus', 'sodium lauroyl', 'hydrogenated lecithin', 'polyethylene', 'glyceryl stearate', 'salicylic acid', 'sorbitol', 'methyl glucose sesquistearate', 'cholesterol', 'linoleic acid', 'glycine', 'inulin', 'tromethamine', 'decarboxy carnosine hcl', 'ceramide', 'cetyl alcohol', 'vitamin e', 'bisabolol', 'squalane', 'hdi/trimethylol hexyllactone crosspolymer', 'behenyl alcohol', 'hyaluronic acid', 'carbomer', 'silica', 'disodium edta', 'potassium sorbate', 'phenoxyethanol', 'ci', 'titanium dioxide']",kaggle,"['combination', 'oily', 'dry', 'sensitive', 'normal']","['texture', 'hydration', 'sun_protection', 'sensitivity', 'acne']",4.5,3489,"This moisturizer contains dimethicon, shea butter, cetearyl alcohol, hydrogenated polyisobutene, trisiloxane, butylene glycol, glycerin, sucrose, isostearyl palmitate, peg-100 stearate","clinique redness solutions daily relief cream 50ml moisturizer clinique combination oily dry sensitive normal texture hydration sun_protection sensitivity acne dimethicon shea butter cetearyl alcohol hydrogenated polyisobutene trisiloxane butylene glycol glycerin sucrose isostearyl palmitate peg-100 stearate camellia sinensis extract polygonum cuspidatum root extract hordeum vulgare extract triticum vulgare bran extract cetearyl glucoside aspalathus linearis leaf extract saccharomyces lysate extract ascophyllum nodosum extract asparagopsis armata extract algae extract caffeinee lactobacillus sodium lauroyl hydrogenated lecithin polyethylene glyceryl stearate salicylic acid sorbitol methyl glucose sesquistearate cholesterol linoleic acid glycine inulin tromethamine decarboxy carnosine hcl ceramide cetyl alcohol vitamin e bisabolol squalane hdi/trimethylol hexyllactone crosspolymer behenyl alcohol hyaluronic acid carbomer silica disodium edta potassium sorbate phenoxyethanol ci titanium dioxide this moisturizer contains dimethicon, shea butter, cetearyl alcohol, hydrogenated polyisobutene, trisiloxane, butylene glycol, glycerin, sucrose, isostearyl palmitate, peg-100 stearate"
prod_000084,DECLÉOR Hydra Floral Anti-Pollution Hydrating Rich Cream,Decléor,moisturizer,40.89,"['ethylhexyl hydroxystearate', 'capric triglyceride', 'glycerin', 'persea gratissima oil', 'pentylene glycol', 'cetearyl alcohol', 'helianthus annuus seed oil', 'sorbitol esters', 'rosa canina flower oil', 'peg-32', 'peg-6', 'peg-100 stearate', 'glyceryl stearate', 'dimethicon', 'panthenol', 'sodium polyacrylate', 'cetearyl glucoside', 'pentaerythrityl distearate', 'cetyl palmitate', '1,2-hexanediol', 'caprylyl glycol', 'glyceryl acrylate/acrylic acid copolymer', 'phenoxyethanol', 'butylphenyl methylpropional', 'polyquaternium-39', 'glycine soja extract', 'viola tricolor extract', 'tocopherol', 'disodium edta', 'hexyl cinnamal', 'moringa oleifera seed oil', 'maltodextrin', 'crithmum maritimum extract', 'citrus aurantium amara flower water', 'citronellol', 'helianthus annuus seed oil', 'alpha-isomethyl ionone', 'citric acid', 'linalool', 'ethylhexyl glycerin', 'benzyl alcohol', 'sodium benzoate', 'limonene', 'geraniol', 'farnesol', 'ascorbyl palmitate', 'parfum']","['ethylhexyl hydroxystearate', 'capric triglyceride', 'glycerin', 'persea gratissima oil', 'pentylene glycol', 'cetearyl alcohol', 'helianthus annuus seed oil', 'sorbitol esters', 'rosa canina flower oil', 'peg', 'peg-100 stearate', 'glyceryl stearate', 'dimethicon', 'panthenol', 'sodium polyacrylate', 'cetearyl glucoside', 'pentaerythrityl distearate', 'cetyl palmitate', ',2-hexanediol', 'caprylyl glycol', 'glyceryl acrylate/acrylic acid copolymer', 'phenoxyethanol', 'butylphenyl methylpropional', 'polyquaternium', 'glycine soja extract', 'viola tricolor extract', 'vitamin e', 'disodium edta', 'hexyl cinnamal', 'moringa oleifera seed oil', 'maltodextrin', 'crithmum maritimum extract', 'citrus aurantium amara flower water', 'citronellol', 'alpha-isomethyl ionone', 'citric acid', 'linalool', 'ethylhexyl glycerin', 'benzyl alcohol', 'sodium benzoate', 'limonene', 'geraniol', 'farnesol', 'ascorbyl palmitate', 'fragrance']",kaggle,"['sensitive', 'combination', 'dry']","['sensitivity', 'texture', 'hydration']",4.3,791,"This moisturizer contains ethylhexyl hydroxystearate, capric triglyceride, glycerin, persea gratissima oil, pentylene glycol, cetearyl alcohol, helianthus annuus seed oil, sorbitol esters, rosa canina flower oil, peg","decléor hydra floral anti-pollution hydrating rich cream moisturizer decléor sensitive combination dry sensitivity texture hydration ethylhexyl hydroxystearate capric triglyceride glycerin persea gratissima oil pentylene glycol cetearyl alcohol helianthus annuus seed oil sorbitol esters rosa canina flower oil peg peg-100 stearate glyceryl stearate dimethicon panthenol sodium polyacrylate cetearyl glucoside pentaerythrityl distearate cetyl palmitate ,2-hexanediol caprylyl glycol glyceryl acrylate/acrylic acid copolymer phenoxyethanol butylphenyl methylpropional polyquaternium glycine soja extract viola tricolor extract vitamin e disodium edta hexyl cinnamal moringa oleifera seed oil maltodextrin crithmum maritimum extract citrus aurantium amara flower water citronellol alpha-isomethyl ionone citric acid linalool ethylhexyl glycerin benzyl alcohol sodium benzoate limonene geraniol farnesol ascorbyl palmitate fragrance this moisturizer contains ethylhexyl hydroxystearate, capric triglyceride, glycerin, persea gratissima oil, pentylene glycol, cetearyl alcohol, helianthus annuus seed oil, sorbitol esters, rosa canina flower oil, peg"
prod_000085,Elemis Pro-Collagen Oxygenating Night Cream 50ml,Elemis,moisturizer,125.73,"['glycerin', 'glyceryl stearate se', 'butyrospermum parkii', 'isononyl isononanoate', 'lauryl laurate', 'ethyl macadamiate', 'simmondsia chinensis leaf extract', 'oryza sativa bran', 'laminaria digitata extract', 'persea gratissima oil', 'sesamium indicum seed oil', 'triticum vulgare bran extract', 'persea gratissima oil', 'padina pavonica extract', 'corallina officinalis extract', 'acacia decurrens wax', 'rosa damascena', 'hexapeptide-9', 'phenoxyethanol', 'cetyl alcohol', 'potassium cetyl phosphate', 'sodium polyacrylate', 'butylene glycol', 'parfum', 'methylparaben', 'o-cymen-5-ol', 'glyceryl acrylate/acrylic acid copolymer', 'ethylparaben', 'disodium edta', 'tocopheryl linoleate', 'propylene glycol', 'glyceryl polyacrylate', 'propylparaben', 'hydroxyisohexyl 3-cyclohexene', 'butylphenyl methylpropional', 'linalool', 'tocopherol', 'citronellol', 'malic acid']","['glycerin', 'glyceryl stearate se', 'shea butter', 'isononyl isononanoate', 'lauryl laurate', 'ethyl macadamiate', 'simmondsia chinensis leaf extract', 'oryza sativa bran', 'laminaria digitata extract', 'persea gratissima oil', 'sesamium indicum seed oil', 'triticum vulgare bran extract', 'padina pavonica extract', 'corallina officinalis extract', 'acacia decurrens wax', 'rosa damascena', 'hexapeptide', 'phenoxyethanol', 'cetyl alcohol', 'potassium cetyl phosphate', 'sodium polyacrylate', 'butylene glycol', 'fragrance', 'paraben', 'o-cymen-5-ol', 'glyceryl acrylate/acrylic acid copolymer', 'disodium edta', 'tocopheryl linoleate', 'propylene glycol', 'glyceryl polyacrylate', 'hydroxyisohexyl 3-cyclohexene', 'butylphenyl methylpropional', 'linalool', 'vitamin e', 'citronellol', 'malic acid']",kaggle,"['all', 'combination', 'dry']","['texture', 'hydration', 'sensitivity', 'aging']",4.2,100,"This moisturizer contains glycerin, glyceryl stearate se, shea butter, isononyl isononanoate, lauryl laurate, ethyl macadamiate, simmondsia chinensis leaf extract, oryza sativa bran, laminaria digitata extract, persea gratissima oil","elemis pro-collagen oxygenating night cream 50ml moisturizer elemis all combination dry texture hydration sensitivity aging glycerin glyceryl stearate se shea butter isononyl isononanoate lauryl laurate ethyl macadamiate simmondsia chinensis leaf extract oryza sativa bran laminaria digitata extract persea gratissima oil sesamium indicum seed oil triticum vulgare bran extract padina pavonica extract corallina officinalis extract acacia decurrens wax rosa damascena hexapeptide phenoxyethanol cetyl alcohol potassium cetyl phosphate sodium polyacrylate butylene glycol fragrance paraben o-cymen-5-ol glyceryl acrylate/acrylic acid copolymer disodium edta tocopheryl linoleate propylene glycol glyceryl polyacrylate hydroxyisohexyl 3-cyclohexene butylphenyl methylpropional linalool vitamin e citronellol malic acid this moisturizer contains glycerin, glyceryl stearate se, shea butter, isononyl isononanoate, lauryl laurate, ethyl macadamiate, simmondsia chinensis leaf extract, oryza sativa bran, laminaria digitata extract, persea gratissima oil"
prod_000086,Weleda Skin Food 75ml - Light,Weleda,moisturizer,16.45,"['helianthus annuus seed oil', 'glycerin', 'alcohol', 'glyceryl stearate citrate', 'cera alba', 'theobroma cacao extract', 'cetearyl alcohol', 'butyrospermum parkii', 'limonene', 'viola tricolor extract', 'rosmarinus officinalis extract', 'chamomilla recutita flower oil', 'calendula officinalis extract', 'lanolin', 'carrageenan', 'xanthan gum', 'lactic acid', 'glyceryl caprylate', 'parfum', 'linalool', 'geraniol', 'citral']","['helianthus annuus seed oil', 'glycerin', 'alcohol', 'glyceryl stearate citrate', 'cera alba', 'theobroma cacao extract', 'cetearyl alcohol', 'shea butter', 'limonene', 'viola tricolor extract', 'rosmarinus officinalis extract', 'chamomilla recutita flower oil', 'calendula officinalis extract', 'lanolin', 'carrageenan', 'xanthan gum', 'lactic acid', 'glyceryl caprylate', 'fragrance', 'linalool', 'geraniol', 'citral']",kaggle,"['all', 'combination', 'oily', 'dry', 'sensitive']","['pigmentation', 'texture', 'hydration', 'sensitivity']",4.5,3489,"This moisturizer contains helianthus annuus seed oil, glycerin, alcohol, glyceryl stearate citrate, cera alba, theobroma cacao extract, cetearyl alcohol, shea butter, limonene, viola tricolor extract","weleda skin food 75ml - light moisturizer weleda all combination oily dry sensitive pigmentation texture hydration sensitivity helianthus annuus seed oil glycerin alcohol glyceryl stearate citrate cera alba theobroma cacao extract cetearyl alcohol shea butter limonene viola tricolor extract rosmarinus officinalis extract chamomilla recutita flower oil calendula officinalis extract lanolin carrageenan xanthan gum lactic acid glyceryl caprylate fragrance linalool geraniol citral this moisturizer contains helianthus annuus seed oil, glycerin, alcohol, glyceryl stearate citrate, cera alba, theobroma cacao extract, cetearyl alcohol, shea butter, limonene, viola tricolor extract"
prod_000087,Clinique Moisture Surge SPF25 Sheertint Hydrator - Universal Light Medium 40ml,Clinique,moisturizer,38.1,"['ethylhexyl methoxycinnamate', 'c12-15', 'ethylhexyl salicylate', 'titanium dioxide', 'zinc oxide', 'caprylyl methicone', 'neopentyl glycol diheptanoate', 'butylene glycol', 'pentylene glycol', 'glycerin', 'polyglyceryl-10 pentastearate', 'hydrogenated lecithin', 'behenyl alcohol', 'peg-100 stearate', 'sucrose', 'laminaria saccharina extract', 'cucumis sativus extract', 'aloe barbadenis extract', 'hordeum vulgare extract', 'caffeinee', 'tocopheryl acetate', 'isohexadecane', 'lecithin', 'sodium stearoyl lactylate', 'propylene glycol dicoco-caprylate', 'sodium hyaluronate', 'helianthus annuus seed oil', 'trehalose', 'isostearic acid', 'polyhydroxystearic acid', 'polysorbate 80', 'dimethicon', 'xanthan gum', 'polyethylene', 'acrylamide/sodium', 'silica', 'disodium edta', 'tetrasodium edta', 'bht', 'phenoxyethanol', 'ci 77491', 'ci 77492', 'ci 77499', 'titanium dioxide']","['ethylhexyl methoxycinnamate', 'c', 'ethylhexyl salicylate', 'titanium dioxide', 'zinc oxide', 'caprylyl methicone', 'neopentyl glycol diheptanoate', 'butylene glycol', 'pentylene glycol', 'glycerin', 'polyglyceryl-10 pentastearate', 'hydrogenated lecithin', 'behenyl alcohol', 'peg-100 stearate', 'sucrose', 'laminaria saccharina extract', 'cucumis sativus extract', 'aloe barbadenis extract', 'hordeum vulgare extract', 'caffeinee', 'vitamin e', 'isohexadecane', 'lecithin', 'sodium stearoyl lactylate', 'propylene glycol dicoco-caprylate', 'hyaluronic acid', 'helianthus annuus seed oil', 'trehalose', 'isostearic acid', 'polyhydroxystearic acid', 'polysorbate', 'dimethicon', 'xanthan gum', 'polyethylene', 'acrylamide/sodium', 'silica', 'disodium edta', 'tetrasodium edta', 'bht', 'phenoxyethanol', 'ci']",kaggle,"['oily', 'all', 'combination', 'dry']","['hydration', 'sun_protection', 'sensitivity', 'acne']",4.2,100,"This moisturizer contains ethylhexyl methoxycinnamate, c, ethylhexyl salicylate, titanium dioxide, zinc oxide, caprylyl methicone, neopentyl glycol diheptanoate, butylene glycol, pentylene glycol, glycerin","clinique moisture surge spf25 sheertint hydrator - universal light medium 40ml moisturizer clinique oily all combination dry hydration sun_protection sensitivity acne ethylhexyl methoxycinnamate c ethylhexyl salicylate titanium dioxide zinc oxide caprylyl methicone neopentyl glycol diheptanoate butylene glycol pentylene glycol glycerin polyglyceryl-10 pentastearate hydrogenated lecithin behenyl alcohol peg-100 stearate sucrose laminaria saccharina extract cucumis sativus extract aloe barbadenis extract hordeum vulgare extract caffeinee vitamin e isohexadecane lecithin sodium stearoyl lactylate propylene glycol dicoco-caprylate hyaluronic acid helianthus annuus seed oil trehalose isostearic acid polyhydroxystearic acid polysorbate dimethicon xanthan gum polyethylene acrylamide/sodium silica disodium edta tetrasodium edta bht phenoxyethanol ci this moisturizer contains ethylhexyl methoxycinnamate, c, ethylhexyl salicylate, titanium dioxide, zinc oxide, caprylyl methicone, neopentyl glycol diheptanoate, butylene glycol, pentylene glycol, glycerin"
prod_000088,The INKEY List Bakuchiol Moisturiser 30ml,The Inkey List,moisturizer,12.69,"['squalene', 'glycerin', 'propanediol', 'plukenetia volubilis oil', 'dicaprylyl carbonate', 'bakuchiol', 'phenoxyethanol', 'sodium caproyl prolinate', 'hydroxyethyl acrylate/sodium acryloyldimethyl taurate', 'carbomer', 'sodium hydroxide', 'ethylhexyl glycerin', 'sodium stearoyl glutamate', 'polysorbate 60', 'phytic acid', 'glyceryl polyacrylate', 'sorbitan isostearate', 'tocopherol']","['squalane', 'glycerin', 'propanediol', 'plukenetia volubilis oil', 'dicaprylyl carbonate', 'bakuchiol', 'phenoxyethanol', 'sodium caproyl prolinate', 'hydroxyethyl acrylate/sodium acryloyldimethyl taurate', 'carbomer', 'sodium hydroxide', 'ethylhexyl glycerin', 'sodium stearoyl glutamate', 'polysorbate', 'phytic acid', 'glyceryl polyacrylate', 'sorbitan isostearate', 'vitamin e']",kaggle,"['all', 'combination', 'dry']","['aging', 'hydration']",4.4,264,"This moisturizer contains squalane, glycerin, propanediol, plukenetia volubilis oil, dicaprylyl carbonate, bakuchiol, phenoxyethanol, sodium caproyl prolinate, hydroxyethyl acrylate/sodium acryloyldimethyl taurate, carbomer","the inkey list bakuchiol moisturiser 30ml moisturizer the inkey list all combination dry aging hydration squalane glycerin propanediol plukenetia volubilis oil dicaprylyl carbonate bakuchiol phenoxyethanol sodium caproyl prolinate hydroxyethyl acrylate/sodium acryloyldimethyl taurate carbomer sodium hydroxide ethylhexyl glycerin sodium stearoyl glutamate polysorbate phytic acid glyceryl polyacrylate sorbitan isostearate vitamin e this moisturizer contains squalane, glycerin, propanediol, plukenetia volubilis oil, dicaprylyl carbonate, bakuchiol, phenoxyethanol, sodium caproyl prolinate, hydroxyethyl acrylate/sodium acryloyldimethyl taurate, carbomer"
prod_000089,COSRX Advanced Snail 92 All in One Cream 100ml,Cosrx,moisturizer,34.29,"['snail secretion filtrate', 'betaine', 'capric triglyceride', 'cetearyl olivate', 'sorbitan olivate', 'sodium hyaluronate', 'cetearyl alcohol', 'stearic acid', 'arganine', 'dimethicon', 'carbomer', 'panthenol', 'allantoin', 'sodium polyacrylate', 'xanthan gum', 'ethyl hexanediol', 'adenosine', 'phenoxyethanol']","['snail mucin', 'betaine', 'capric triglyceride', 'cetearyl olivate', 'sorbitan olivate', 'hyaluronic acid', 'cetearyl alcohol', 'stearic acid', 'arganine', 'dimethicon', 'carbomer', 'panthenol', 'allantoin', 'sodium polyacrylate', 'xanthan gum', 'ethyl hexanediol', 'adenosine', 'phenoxyethanol']",kaggle,"['sensitive', 'all', 'combination', 'dry']","['sensitivity', 'hydration']",4.2,100,"This moisturizer contains snail mucin, betaine, capric triglyceride, cetearyl olivate, sorbitan olivate, hyaluronic acid, cetearyl alcohol, stearic acid, arganine, dimethicon","cosrx advanced snail 92 all in one cream 100ml moisturizer cosrx sensitive all combination dry sensitivity hydration snail mucin betaine capric triglyceride cetearyl olivate sorbitan olivate hyaluronic acid cetearyl alcohol stearic acid arganine dimethicon carbomer panthenol allantoin sodium polyacrylate xanthan gum ethyl hexanediol adenosine phenoxyethanol this moisturizer contains snail mucin, betaine, capric triglyceride, cetearyl olivate, sorbitan olivate, hyaluronic acid, cetearyl alcohol, stearic acid, arganine, dimethicon"
prod_000090,bareMinerals Butter Drench Intense Moisurising Day Cream,Bareminerals,moisturizer,40.64,"['glycerin', 'butylene glycol', 'dimethicon', 'pentaerythrityl tetra-di-t-butyl hydroxyhydrocinnamate', 'propanediol', 'tricaprylin', 'glyceryl stearate se', 'cetyl alcohol', 'silica', 'myristyl myristate', 'peg-100 stearate', 'butyrospermum parkii', 'copernicia cerifera wax', 'hydrogenated polyisobutene', 'hydrogenated polydecene', 'behenyl alcohol', 'dimethylacrylamide/sodium acryloyldimethyltaurate crosspolymer', 'isostearic acid', 'stearyl alcohol', 'urea', 'glucosamine hcl', 'algae extract', 'saccharomyces cerevisiae extract', 'sodium pca', 'allantoin', 'ethylhexyl glycerin', 'lauryl betaine', 'sodium citrate', 'disodium edta', 'sorbitan tristearate', 'phytosteryl', 'alcohol', 'citric acid', 'carbomer', 'polysorbate-20', 'sodium hyaluronate', 'hypericum erectum extract', 'palmitoyl tetrapeptide-7', 'palmitoyl tripeptide-1', 'ceramide np', 'tocopherol', 'parfum', 'geraniol', 'limonene', 'linalool', 'citral', 'sodium benzoate', 'phenoxyethanol']","['glycerin', 'butylene glycol', 'dimethicon', 'pentaerythrityl tetra-di-t-butyl hydroxyhydrocinnamate', 'propanediol', 'tricaprylin', 'glyceryl stearate se', 'cetyl alcohol', 'silica', 'myristyl myristate', 'peg-100 stearate', 'shea butter', 'copernicia cerifera wax', 'hydrogenated polyisobutene', 'hydrogenated polydecene', 'behenyl alcohol', 'dimethylacrylamide/sodium acryloyldimethyltaurate crosspolymer', 'isostearic acid', 'stearyl alcohol', 'urea', 'glucosamine hcl', 'algae extract', 'saccharomyces cerevisiae extract', 'sodium pca', 'allantoin', 'ethylhexyl glycerin', 'lauryl betaine', 'sodium citrate', 'disodium edta', 'sorbitan tristearate', 'phytosteryl', 'alcohol', 'citric acid', 'carbomer', 'polysorbate', 'hyaluronic acid', 'hypericum erectum extract', 'palmitoyl tetrapeptide', 'peptide', 'ceramide', 'vitamin e', 'fragrance', 'geraniol', 'limonene', 'linalool', 'citral', 'sodium benzoate', 'phenoxyethanol']",kaggle,"['sensitive', 'all', 'combination', 'dry']","['sensitivity', 'aging', 'hydration']",4.5,3489,"This moisturizer contains glycerin, butylene glycol, dimethicon, pentaerythrityl tetra-di-t-butyl hydroxyhydrocinnamate, propanediol, tricaprylin, glyceryl stearate se, cetyl alcohol, silica, myristyl myristate","bareminerals butter drench intense moisurising day cream moisturizer bareminerals sensitive all combination dry sensitivity aging hydration glycerin butylene glycol dimethicon pentaerythrityl tetra-di-t-butyl hydroxyhydrocinnamate propanediol tricaprylin glyceryl stearate se cetyl alcohol silica myristyl myristate peg-100 stearate shea butter copernicia cerifera wax hydrogenated polyisobutene hydrogenated polydecene behenyl alcohol dimethylacrylamide/sodium acryloyldimethyltaurate crosspolymer isostearic acid stearyl alcohol urea glucosamine hcl algae extract saccharomyces cerevisiae extract sodium pca allantoin ethylhexyl glycerin lauryl betaine sodium citrate disodium edta sorbitan tristearate phytosteryl alcohol citric acid carbomer polysorbate hyaluronic acid hypericum erectum extract palmitoyl tetrapeptide peptide ceramide vitamin e fragrance geraniol limonene linalool citral sodium benzoate phenoxyethanol this moisturizer contains glycerin, butylene glycol, dimethicon, pentaerythrityl tetra-di-t-butyl hydroxyhydrocinnamate, propanediol, tricaprylin, glyceryl stearate se, cetyl alcohol, silica, myristyl myristate"
prod_000091,Eucerin Anti-Pigment SPF30 Day Cream 50ml,Eucerin,moisturizer,31.75,"['homosalate', 'alcohol denat', 'butyl methoxydibenzoylmethane', 'ethylhexyl salicylate', 'ethylhexyl triazone', 'bis-ethylhexyloxyphenol methoxyphenyl triazine', 'butylene glycol', 'dicaprylate', 'tapioca starch', 'distarch phosphate', 'c12-15', 'phenylbenzimidazole sulfonic acid', 'isobutylamido thiazolyl resorcinol', 'glycyrrhiza inflata root extract', 'tocopherol', 'glucosylrutin', 'isoquercitrin', 'glycerin', 'cetyl alcohol', 'stearyl alcohol', 'sodium chloride', 'xanthan gum', 'carbomer', 'sodium hydroxide', 'glyceryl stearate', 'sodium stearoyl glutamate', 'dimethicon', 'phenoxyethanol', 'trisodium edta', 'parfum']","['homosalate', 'alcohol denat', 'butyl methoxydibenzoylmethane', 'ethylhexyl salicylate', 'ethylhexyl triazone', 'bis-ethylhexyloxyphenol methoxyphenyl triazine', 'butylene glycol', 'dicaprylate', 'tapioca starch', 'distarch phosphate', 'c', 'phenylbenzimidazole sulfonic acid', 'isobutylamido thiazolyl resorcinol', 'glycyrrhiza inflata root extract', 'vitamin e', 'glucosylrutin', 'isoquercitrin', 'glycerin', 'cetyl alcohol', 'stearyl alcohol', 'sodium chloride', 'xanthan gum', 'carbomer', 'sodium hydroxide', 'glyceryl stearate', 'sodium stearoyl glutamate', 'dimethicon', 'phenoxyethanol', 'trisodium edta', 'fragrance']",kaggle,"['all', 'combination', 'dry']","['texture', 'hydration', 'sun_protection']",4.3,791,"This moisturizer contains homosalate, alcohol denat, butyl methoxydibenzoylmethane, ethylhexyl salicylate, ethylhexyl triazone, bis-ethylhexyloxyphenol methoxyphenyl triazine, butylene glycol, dicaprylate, tapioca starch, distarch phosphate","eucerin anti-pigment spf30 day cream 50ml moisturizer eucerin all combination dry texture hydration sun_protection homosalate alcohol denat butyl methoxydibenzoylmethane ethylhexyl salicylate ethylhexyl triazone bis-ethylhexyloxyphenol methoxyphenyl triazine butylene glycol dicaprylate tapioca starch distarch phosphate c phenylbenzimidazole sulfonic acid isobutylamido thiazolyl resorcinol glycyrrhiza inflata root extract vitamin e glucosylrutin isoquercitrin glycerin cetyl alcohol stearyl alcohol sodium chloride xanthan gum carbomer sodium hydroxide glyceryl stearate sodium stearoyl glutamate dimethicon phenoxyethanol trisodium edta fragrance this moisturizer contains homosalate, alcohol denat, butyl methoxydibenzoylmethane, ethylhexyl salicylate, ethylhexyl triazone, bis-ethylhexyloxyphenol methoxyphenyl triazine, butylene glycol, dicaprylate, tapioca starch, distarch phosphate"
prod_000092,Clinique for Men Oil-Control Moisturiser 100ml,Clinique,moisturizer,32.38,"['isododecane', 'butylene glycol', 'polypropylene', 'dimethicon', 'bis-peg-18 methyl ether dimethyl', 'glycerin', 'ammonium acryloyldimethyltaurate/vp', 'polygonum cuspidatum root extract', 'cucumis sativus extract', 'laminaria saccharina extract', 'hordeum vulgare extract', 'saccharomyces lysate extract', 'lactobacillus', 'helianthus annuus seed oil', 'caffeinee', 'sodium hyaluronate', 'trehalose', 'oleth-10', 'caprylyl glycol', 'polysilicone-11', 'tocopheryl acetate', 'propylene glycol dicoco-caprylate', 'hexylene glycol', 'laureth-23', 'laureth-4', 'acrylates/c10-30 alkyl', 'silica', 'disodium edta', 'phenoxyethanol', 'ci 15985', 'ci 14700', 'ci 19140']","['isododecane', 'butylene glycol', 'polypropylene', 'dimethicon', 'bis-peg-18 methyl ether dimethyl', 'glycerin', 'ammonium acryloyldimethyltaurate/vp', 'polygonum cuspidatum root extract', 'cucumis sativus extract', 'laminaria saccharina extract', 'hordeum vulgare extract', 'saccharomyces lysate extract', 'lactobacillus', 'helianthus annuus seed oil', 'caffeinee', 'hyaluronic acid', 'trehalose', 'oleth', 'caprylyl glycol', 'polysilicone', 'vitamin e', 'propylene glycol dicoco-caprylate', 'hexylene glycol', 'laureth', 'acrylates/c10-30 alkyl', 'silica', 'disodium edta', 'phenoxyethanol', 'ci']",kaggle,"['oily', 'combination', 'dry']","['hydration', 'acne']",4.2,100,"This moisturizer contains isododecane, butylene glycol, polypropylene, dimethicon, bis-peg-18 methyl ether dimethyl, glycerin, ammonium acryloyldimethyltaurate/vp, polygonum cuspidatum root extract, cucumis sativus extract, laminaria saccharina extract","clinique for men oil-control moisturiser 100ml moisturizer clinique oily combination dry hydration acne isododecane butylene glycol polypropylene dimethicon bis-peg-18 methyl ether dimethyl glycerin ammonium acryloyldimethyltaurate/vp polygonum cuspidatum root extract cucumis sativus extract laminaria saccharina extract hordeum vulgare extract saccharomyces lysate extract lactobacillus helianthus annuus seed oil caffeinee hyaluronic acid trehalose oleth caprylyl glycol polysilicone vitamin e propylene glycol dicoco-caprylate hexylene glycol laureth acrylates/c10-30 alkyl silica disodium edta phenoxyethanol ci this moisturizer contains isododecane, butylene glycol, polypropylene, dimethicon, bis-peg-18 methyl ether dimethyl, glycerin, ammonium acryloyldimethyltaurate/vp, polygonum cuspidatum root extract, cucumis sativus extract, laminaria saccharina extract"
prod_000093,Sukin Sensitive Facial Moisturiser (125ml),Sukin,moisturizer,10.1,"['aloe barbadenis extract', 'sesamium indicum seed oil', 'cetearyl alcohol', 'glycerin', 'cetyl alcohol', 'ceteareth 20', 'rosa canina flower oil', 'theobroma cacao extract', 'butyrospermum parkii', 'simmondsia chinensis leaf extract', 'persea gratissima oil', 'triticum vulgare bran extract', 'tocopherol', 'cucumis sativus extract', 'chamomilla recutita flower oil', 'vanillin', 'vanilla planifolia extract', 'phenoxyethanol', 'benzyl alcohol']","['aloe barbadenis extract', 'sesamium indicum seed oil', 'cetearyl alcohol', 'glycerin', 'cetyl alcohol', 'ceteareth', 'rosa canina flower oil', 'theobroma cacao extract', 'shea butter', 'simmondsia chinensis leaf extract', 'persea gratissima oil', 'triticum vulgare bran extract', 'vitamin e', 'cucumis sativus extract', 'chamomilla recutita flower oil', 'vanillin', 'vanilla planifolia extract', 'phenoxyethanol', 'benzyl alcohol']",kaggle,"['sensitive', 'combination', 'dry']","['sensitivity', 'hydration']",4.4,264,"This moisturizer contains aloe barbadenis extract, sesamium indicum seed oil, cetearyl alcohol, glycerin, cetyl alcohol, ceteareth, rosa canina flower oil, theobroma cacao extract, shea butter, simmondsia chinensis leaf extract","sukin sensitive facial moisturiser (125ml) moisturizer sukin sensitive combination dry sensitivity hydration aloe barbadenis extract sesamium indicum seed oil cetearyl alcohol glycerin cetyl alcohol ceteareth rosa canina flower oil theobroma cacao extract shea butter simmondsia chinensis leaf extract persea gratissima oil triticum vulgare bran extract vitamin e cucumis sativus extract chamomilla recutita flower oil vanillin vanilla planifolia extract phenoxyethanol benzyl alcohol this moisturizer contains aloe barbadenis extract, sesamium indicum seed oil, cetearyl alcohol, glycerin, cetyl alcohol, ceteareth, rosa canina flower oil, theobroma cacao extract, shea butter, simmondsia chinensis leaf extract"
prod_000094,Fade Out ADVANCED Even Skin Tone Day Cream SPF 25 50ml,Fade,moisturizer,12.69,"['ethylhexyl methoxycinnamate', 'sodium lactate', 'homosalate', 'lactic acid', 'cetearyl alcohol', 'glyceryl stearate', 'peg-100 stearate', 'dimethicon', 'glycerin', 'stearyl alcohol', 'hexylene glycol', 'niacinamide', 'titanium dioxide', 'ceteareth 20', 'phenoxyethanol', 'parfum', 'sodium saccharin', 'tocopheryl acetate', 'panthenol', 'alumina', 'ethylhexyl glycerin', 'glycyrrhiza glabra root extract', 'morus nigra extract', 'arbutin', 'disodium edta', 'simethicone', 'glyceryl oleate', 'ascorbyl palmitate', 'tocopherol', 'ascorbic acid', 'citric acid', 'citronellol', 'linalool', 'hydroxyisohexyl 3-cyclohexene']","['ethylhexyl methoxycinnamate', 'sodium lactate', 'homosalate', 'lactic acid', 'cetearyl alcohol', 'glyceryl stearate', 'peg-100 stearate', 'dimethicon', 'glycerin', 'stearyl alcohol', 'hexylene glycol', 'niacinamide', 'titanium dioxide', 'ceteareth', 'phenoxyethanol', 'fragrance', 'sodium saccharin', 'vitamin e', 'panthenol', 'alumina', 'ethylhexyl glycerin', 'glycyrrhiza glabra root extract', 'morus nigra extract', 'alpha arbutin', 'disodium edta', 'simethicone', 'glyceryl oleate', 'ascorbyl palmitate', 'vitamin c', 'citric acid', 'citronellol', 'linalool', 'hydroxyisohexyl 3-cyclohexene']",kaggle,"['all', 'combination', 'oily', 'dry', 'sensitive']","['pigmentation', 'texture', 'acne', 'hydration', 'sun_protection', 'sensitivity', 'aging']",4.3,791,"This moisturizer contains ethylhexyl methoxycinnamate, sodium lactate, homosalate, lactic acid, cetearyl alcohol, glyceryl stearate, peg-100 stearate, dimethicon, glycerin, stearyl alcohol","fade out advanced even skin tone day cream spf 25 50ml moisturizer fade all combination oily dry sensitive pigmentation texture acne hydration sun_protection sensitivity aging ethylhexyl methoxycinnamate sodium lactate homosalate lactic acid cetearyl alcohol glyceryl stearate peg-100 stearate dimethicon glycerin stearyl alcohol hexylene glycol niacinamide titanium dioxide ceteareth phenoxyethanol fragrance sodium saccharin vitamin e panthenol alumina ethylhexyl glycerin glycyrrhiza glabra root extract morus nigra extract alpha arbutin disodium edta simethicone glyceryl oleate ascorbyl palmitate vitamin c citric acid citronellol linalool hydroxyisohexyl 3-cyclohexene this moisturizer contains ethylhexyl methoxycinnamate, sodium lactate, homosalate, lactic acid, cetearyl alcohol, glyceryl stearate, peg-100 stearate, dimethicon, glycerin, stearyl alcohol"
prod_000095,First Aid Beauty Coconut Skin Smoothie Priming Moisturiser,First Aid Beauty,moisturizer,26.04,"['cocos nucifera fruit extract', 'glucose', 'c12-15', 'maltodextrin', 'cyclopentasiloxane', 'butylene glycol', 'glycerin', 'capric triglyceride', 'ci 77019', 'sodium acrylate/sodium acryloyldimethyl taurate copolymer', 'cocos nucifera fruit extract', 'selaginella lepidophylla extract', 'prunus armeniaca fruit extract', 'pyrus malus flower extract', 'vanilla planifolia extract', 'hydrolyzed quinoa', 'coffea arabica seed extract', 'dipteryx odorata bean extract', 'saccharomyces/copper ferment', 'saccharomyces/iron ferment', 'saccharomyces/magnesium ferment', 'saccharomyces/silicon ferment', 'saccharomyces/zinc ferment', 'camellia sinensis extract', 'chrysanthemum parthenium (feverfew) extract', 'glycyrrhiza glabra root extract', 'ethylhexyl glycerin', 'sorbitan oleate', 'dimethicon crosspolymer', 'isohexadecane', 'acrylates/c10-30 alkyl', 'polysorbate 80', 'lactobacillus', 'leuconostoc/radish root ferment filtrate', 'phenoxyethanol', 'disodium edta', 'ci 77861', 'benzyl alcohol', 'potassium sorbate', 'sodium benzoate', 'sodium hydroxide', 'titanium dioxide', 'ci 77491']","['cocos nucifera fruit extract', 'glucose', 'c', 'maltodextrin', 'cyclopentasiloxane', 'butylene glycol', 'glycerin', 'capric triglyceride', 'ci', 'sodium acrylate/sodium acryloyldimethyl taurate copolymer', 'selaginella lepidophylla extract', 'prunus armeniaca fruit extract', 'pyrus malus flower extract', 'vanilla planifolia extract', 'hydrolyzed quinoa', 'coffea arabica seed extract', 'dipteryx odorata bean extract', 'saccharomyces/copper ferment', 'saccharomyces/iron ferment', 'saccharomyces/magnesium ferment', 'saccharomyces/silicon ferment', 'saccharomyces/zinc ferment', 'camellia sinensis extract', 'chrysanthemum parthenium  extract', 'glycyrrhiza glabra root extract', 'ethylhexyl glycerin', 'sorbitan oleate', 'dimethicon crosspolymer', 'isohexadecane', 'acrylates/c10-30 alkyl', 'polysorbate', 'lactobacillus', 'leuconostoc/radish root ferment filtrate', 'phenoxyethanol', 'disodium edta', 'benzyl alcohol', 'potassium sorbate', 'sodium benzoate', 'sodium hydroxide', 'titanium dioxide']",kaggle,"['oily', 'all', 'combination', 'dry']","['texture', 'hydration', 'sun_protection', 'sensitivity', 'acne']",4.2,100,"This moisturizer contains cocos nucifera fruit extract, glucose, c, maltodextrin, cyclopentasiloxane, butylene glycol, glycerin, capric triglyceride, ci, sodium acrylate/sodium acryloyldimethyl taurate copolymer","first aid beauty coconut skin smoothie priming moisturiser moisturizer first aid beauty oily all combination dry texture hydration sun_protection sensitivity acne cocos nucifera fruit extract glucose c maltodextrin cyclopentasiloxane butylene glycol glycerin capric triglyceride ci sodium acrylate/sodium acryloyldimethyl taurate copolymer selaginella lepidophylla extract prunus armeniaca fruit extract pyrus malus flower extract vanilla planifolia extract hydrolyzed quinoa coffea arabica seed extract dipteryx odorata bean extract saccharomyces/copper ferment saccharomyces/iron ferment saccharomyces/magnesium ferment saccharomyces/silicon ferment saccharomyces/zinc ferment camellia sinensis extract chrysanthemum parthenium  extract glycyrrhiza glabra root extract ethylhexyl glycerin sorbitan oleate dimethicon crosspolymer isohexadecane acrylates/c10-30 alkyl polysorbate lactobacillus leuconostoc/radish root ferment filtrate phenoxyethanol disodium edta benzyl alcohol potassium sorbate sodium benzoate sodium hydroxide titanium dioxide this moisturizer contains cocos nucifera fruit extract, glucose, c, maltodextrin, cyclopentasiloxane, butylene glycol, glycerin, capric triglyceride, ci, sodium acrylate/sodium acryloyldimethyl taurate copolymer"
prod_000096,Avène Rich Revitalizing Nourishing Cream 50ml,Avène,moisturizer,22.23,"['butyrospermum parkii', 'glycerin', 'octyldodecanol', 'paraffinum liquidum', 'cetearyl alcohol', 'dimethicon', 'isododecane', 'methyl gluceth-20', 'pentylene glycol', 'silica', 'cetyl esters', 'cetearyl glucoside', 'glyceryl stearate', 'peg-100 stearate', 'benzoic acid', 'capric triglyceride', 'ethylhexyl glycerin', 'parfum', 'hydrogenated starch hydrolysate', 'polyacrylate-13', 'polyisobutene', 'polysorbate-20', 'ribes rubrum (currant) fruit extract (ribes rubrum fruit extract)', 'rubus idaeus extract', 'sodium benzoate', 'sodium hydroxide', 'sorbitan isostearate', 'tocopherol', 'tocopheryl glucoside', 'vaccinium myrtillus extract', 'xanthan gum']","['shea butter', 'glycerin', 'octyldodecanol', 'mineral oil', 'cetearyl alcohol', 'dimethicon', 'isododecane', 'methyl gluceth', 'pentylene glycol', 'silica', 'cetyl esters', 'cetearyl glucoside', 'glyceryl stearate', 'peg-100 stearate', 'benzoic acid', 'capric triglyceride', 'ethylhexyl glycerin', 'fragrance', 'hydrogenated starch hydrolysate', 'polyacrylate', 'polyisobutene', 'polysorbate', 'ribes rubrum  fruit extract', 'rubus idaeus extract', 'sodium benzoate', 'sodium hydroxide', 'sorbitan isostearate', 'vitamin e', 'tocopheryl glucoside', 'vaccinium myrtillus extract', 'xanthan gum']",kaggle,"['combination', 'dry']","['sensitivity', 'hydration']",4.4,264,"This moisturizer contains shea butter, glycerin, octyldodecanol, mineral oil, cetearyl alcohol, dimethicon, isododecane, methyl gluceth, pentylene glycol, silica","avène rich revitalizing nourishing cream 50ml moisturizer avène combination dry sensitivity hydration shea butter glycerin octyldodecanol mineral oil cetearyl alcohol dimethicon isododecane methyl gluceth pentylene glycol silica cetyl esters cetearyl glucoside glyceryl stearate peg-100 stearate benzoic acid capric triglyceride ethylhexyl glycerin fragrance hydrogenated starch hydrolysate polyacrylate polyisobutene polysorbate ribes rubrum  fruit extract rubus idaeus extract sodium benzoate sodium hydroxide sorbitan isostearate vitamin e tocopheryl glucoside vaccinium myrtillus extract xanthan gum this moisturizer contains shea butter, glycerin, octyldodecanol, mineral oil, cetearyl alcohol, dimethicon, isododecane, methyl gluceth, pentylene glycol, silica"
prod_000097,REN Clean Skincare Evercalm Global Protection Day Cream,Ren,moisturizer,43.18,"['anthemis nobilis flower water', 'camellia oleifera seed oil', 'cetearyl ethylhexanoate', 'myristyl myristate', 'cetearyl alcohol', 'sesamium indicum seed oil', 'butyrospermum parkii', 'cetearyl glucoside', 'glycerin', 'capric triglyceride', 'triheptanoin', 'oryzanol', 'helianthus annuus seed oil', 'phenoxyethanol', 'vaccinium macrocarpon fruit extract', 'ribes nigrum bud oil', 'bisabolol', 'calendula officinalis extract', 'laminaria ochroleuca extract', 'cassia alata leaf extract', 'pueraria lobata extract', 'carbomer', 'sodium hydroxymethylglycinate', 'hippophae rhamnoides extract', 'citrus nobilis oil', 'pelargonium graveolens extract', 'cinnamomum camphora bark oil', 'anthemis nobilis flower water', 'limonene', 'citronellol', 'geraniol', 'linalool', 'tocopherol']","['anthemis nobilis flower water', 'camellia oleifera seed oil', 'cetearyl ethylhexanoate', 'myristyl myristate', 'cetearyl alcohol', 'sesamium indicum seed oil', 'shea butter', 'cetearyl glucoside', 'glycerin', 'capric triglyceride', 'triheptanoin', 'oryzanol', 'helianthus annuus seed oil', 'phenoxyethanol', 'vaccinium macrocarpon fruit extract', 'ribes nigrum bud oil', 'bisabolol', 'calendula officinalis extract', 'laminaria ochroleuca extract', 'cassia alata leaf extract', 'pueraria lobata extract', 'carbomer', 'sodium hydroxymethylglycinate', 'hippophae rhamnoides extract', 'citrus nobilis oil', 'pelargonium graveolens extract', 'cinnamomum camphora bark oil', 'limonene', 'citronellol', 'geraniol', 'linalool', 'vitamin e']",kaggle,"['sensitive', 'combination', 'dry']","['texture', 'hydration', 'sensitivity']",4.3,791,"This moisturizer contains anthemis nobilis flower water, camellia oleifera seed oil, cetearyl ethylhexanoate, myristyl myristate, cetearyl alcohol, sesamium indicum seed oil, shea butter, cetearyl glucoside, glycerin, capric triglyceride","ren clean skincare evercalm global protection day cream moisturizer ren sensitive combination dry texture hydration sensitivity anthemis nobilis flower water camellia oleifera seed oil cetearyl ethylhexanoate myristyl myristate cetearyl alcohol sesamium indicum seed oil shea butter cetearyl glucoside glycerin capric triglyceride triheptanoin oryzanol helianthus annuus seed oil phenoxyethanol vaccinium macrocarpon fruit extract ribes nigrum bud oil bisabolol calendula officinalis extract laminaria ochroleuca extract cassia alata leaf extract pueraria lobata extract carbomer sodium hydroxymethylglycinate hippophae rhamnoides extract citrus nobilis oil pelargonium graveolens extract cinnamomum camphora bark oil limonene citronellol geraniol linalool vitamin e this moisturizer contains anthemis nobilis flower water, camellia oleifera seed oil, cetearyl ethylhexanoate, myristyl myristate, cetearyl alcohol, sesamium indicum seed oil, shea butter, cetearyl glucoside, glycerin, capric triglyceride"
prod_000098,Fade Out ADVANCED + Age Protection Even Skin Tone Day Cream SPF 25 50ml,Fade,moisturizer,16.5,"['ethylhexyl methoxycinnamate', 'sodium lactate', 'homosalate', 'lactic acid', 'cetearyl alcohol', 'glyceryl stearate', 'peg-100 stearate', 'dimethicon', 'glycerin', 'stearyl alcohol', 'hexylene glycol', 'niacinamide', 'titanium dioxide', 'ceteareth 20', 'phenoxyethanol', 'sucrose palmitate', 'tocopheryl acetate', 'parfum', 'sodium saccharin', 'panthenol', 'glyceryl linoleate', 'alumina', 'ethylhexyl glycerin', 'glycyrrhiza glabra root extract', 'morus nigra extract', 'disodium edta', 'simethicone', 'glyceryl oleate', 'sodium hyaluronate', 'potassium sorbate', 'ascorbyl palmitate', 'tocopherol', 'citric acid', 'citronellol', 'linalool', 'hydroxyisohexyl 3-cyclohexene']","['ethylhexyl methoxycinnamate', 'sodium lactate', 'homosalate', 'lactic acid', 'cetearyl alcohol', 'glyceryl stearate', 'peg-100 stearate', 'dimethicon', 'glycerin', 'stearyl alcohol', 'hexylene glycol', 'niacinamide', 'titanium dioxide', 'ceteareth', 'phenoxyethanol', 'sucrose palmitate', 'vitamin e', 'fragrance', 'sodium saccharin', 'panthenol', 'glyceryl linoleate', 'alumina', 'ethylhexyl glycerin', 'glycyrrhiza glabra root extract', 'morus nigra extract', 'disodium edta', 'simethicone', 'glyceryl oleate', 'hyaluronic acid', 'potassium sorbate', 'ascorbyl palmitate', 'citric acid', 'citronellol', 'linalool', 'hydroxyisohexyl 3-cyclohexene']",kaggle,"['all', 'combination', 'oily', 'dry', 'sensitive']","['pigmentation', 'texture', 'acne', 'hydration', 'sun_protection', 'sensitivity', 'aging']",4.6,2981,"This moisturizer contains ethylhexyl methoxycinnamate, sodium lactate, homosalate, lactic acid, cetearyl alcohol, glyceryl stearate, peg-100 stearate, dimethicon, glycerin, stearyl alcohol","fade out advanced + age protection even skin tone day cream spf 25 50ml moisturizer fade all combination oily dry sensitive pigmentation texture acne hydration sun_protection sensitivity aging ethylhexyl methoxycinnamate sodium lactate homosalate lactic acid cetearyl alcohol glyceryl stearate peg-100 stearate dimethicon glycerin stearyl alcohol hexylene glycol niacinamide titanium dioxide ceteareth phenoxyethanol sucrose palmitate vitamin e fragrance sodium saccharin panthenol glyceryl linoleate alumina ethylhexyl glycerin glycyrrhiza glabra root extract morus nigra extract disodium edta simethicone glyceryl oleate hyaluronic acid potassium sorbate ascorbyl palmitate citric acid citronellol linalool hydroxyisohexyl 3-cyclohexene this moisturizer contains ethylhexyl methoxycinnamate, sodium lactate, homosalate, lactic acid, cetearyl alcohol, glyceryl stearate, peg-100 stearate, dimethicon, glycerin, stearyl alcohol"
prod_000099,Bulldog Protective Moisturiser 100ml,Bulldog,moisturizer,8.57,"['aloe barbadenis extract', 'octocrylene', 'ethylhexyl salicylate', 'ethylhexyl palmitate', 'capric triglyceride', 'butyl methoxydibenzoylmethane', 'glycerin', 'sodium polyacrylate', 'sorbitan stearate', 'pentaerythrityl distearate', 'phenoxyethanol', 'sodium stearoyl glutamate', 'benzoic acid', 'carbomer', 'tocopherol', 'mannan', 'dehydroacetic acid', 'camellia sinensis extract', 'sodium hydroxide', 'citrus aurantium bergamia', 'citrus limon juice extract', 'potassium sorbate', 'artemisia vulgaris oil', 'juniperus virginiana wood oil', 'pelargonium graveolens extract', 'pogostemon cablin flower extract', 'pogostemon cablin flower extract', 'citric acid', 'citrus aurantifolia oil', 'vetiveria zizanoides root oil', 'zingiber officinale root oil', 'citronellol', 'limonene', 'linalool']","['aloe barbadenis extract', 'octocrylene', 'ethylhexyl salicylate', 'ethylhexyl palmitate', 'capric triglyceride', 'butyl methoxydibenzoylmethane', 'glycerin', 'sodium polyacrylate', 'sorbitan stearate', 'pentaerythrityl distearate', 'phenoxyethanol', 'sodium stearoyl glutamate', 'benzoic acid', 'carbomer', 'vitamin e', 'mannan', 'dehydroacetic acid', 'camellia sinensis extract', 'sodium hydroxide', 'citrus aurantium bergamia', 'citrus limon juice extract', 'potassium sorbate', 'artemisia vulgaris oil', 'juniperus virginiana wood oil', 'pelargonium graveolens extract', 'pogostemon cablin flower extract', 'citric acid', 'citrus aurantifolia oil', 'vetiveria zizanoides root oil', 'zingiber officinale root oil', 'citronellol', 'limonene', 'linalool']",kaggle,"['all', 'combination', 'dry']","['hydration', 'sun_protection']",4.1,1847,"This moisturizer contains aloe barbadenis extract, octocrylene, ethylhexyl salicylate, ethylhexyl palmitate, capric triglyceride, butyl methoxydibenzoylmethane, glycerin, sodium polyacrylate, sorbitan stearate, pentaerythrityl distearate","bulldog protective moisturiser 100ml moisturizer bulldog all combination dry hydration sun_protection aloe barbadenis extract octocrylene ethylhexyl salicylate ethylhexyl palmitate capric triglyceride butyl methoxydibenzoylmethane glycerin sodium polyacrylate sorbitan stearate pentaerythrityl distearate phenoxyethanol sodium stearoyl glutamate benzoic acid carbomer vitamin e mannan dehydroacetic acid camellia sinensis extract sodium hydroxide citrus aurantium bergamia citrus limon juice extract potassium sorbate artemisia vulgaris oil juniperus virginiana wood oil pelargonium graveolens extract pogostemon cablin flower extract citric acid citrus aurantifolia oil vetiveria zizanoides root oil zingiber officinale root oil citronellol limonene linalool this moisturizer contains aloe barbadenis extract, octocrylene, ethylhexyl salicylate, ethylhexyl palmitate, capric triglyceride, butyl methoxydibenzoylmethane, glycerin, sodium polyacrylate, sorbitan stearate, pentaerythrityl distearate"
